26717.023,42.444,10.250,9.895,24.095,-6.521,-5.056,-4.886,-4.994,-5.229,-5.600,-5.966,-6.317,-6.629,-6.969,-7.362,-7.673,-7.919,-8.185,-8.407,-8.646,-8.892,-9.148,-9.447,-9.753,-10.105,-10.635,-11.447,-13.601,-19.695,-30.584,-47.817,-76.079,-119.113,-170.422,-232.725,-295.055,-388.425,-526.468,-758.214,-1159.997,-1943.999,-4106.573,-21193.879,9316.767,4440.473,3441.005,2844.215,2447.944,2205.719,2041.679,1919.913,1813.146,1699.378,1568.925,1414.173,1233.303,1096.527,976.396,885.358,807.199,734.537,664.512,604.539,550.686,500.175,450.894,351.536,252.966,145.717
0.000,25911.193,3.729,4.530,470.346,-3.600,-3.547,-3.747,-4.033,-4.381,-4.848,-5.287,-5.700,-6.062,-6.452,-6.900,-7.254,-7.533,-7.834,-8.084,-8.354,-8.633,-8.924,-9.263,-9.612,-10.015,-10.626,-11.571,-14.114,-21.371,-34.348,-54.881,-88.606,-140.135,-201.847,-277.325,-353.366,-468.905,-643.283,-946.136,-1503.083,-2723.612,-7423.335,29529.891,5997.139,3726.414,3078.652,2646.895,2337.721,2138.304,1997.607,1889.585,1791.961,1685.009,1559.619,1408.481,1230.013,1094.423,974.982,884.332,806.423,733.936,664.041,604.160,550.375,499.917,450.679,351.374,252.851,145.649
0.000,0.000,21908.986,-7.128,-6.922,-2.549,-2.889,-3.208,-3.562,-3.967,-4.496,-4.993,-5.460,-5.869,-6.311,-6.823,-7.226,-7.543,-7.887,-8.173,-8.482,-8.803,-9.139,-9.534,-9.941,-10.414,-11.142,-12.278,-15.390,-24.361,-40.448,-65.958,-108.063,-172.931,-251.439,-348.812,-448.319,-603.023,-844.792,-1290.338,-2206.154,-4800.113,-58007.114,8234.313,4329.352,3174.354,2763.723,2462.049,2229.140,2069.894,1952.063,1857.880,1769.638,1669.779,1549.716,1402.411,1226.502,1092.180,973.476,883.241,805.599,733.300,663.543,603.759,550.048,499.647,450.454,351.204,252.731,145.579
0.000,0.000,0.000,22278.580,-6.904,-2.351,-2.783,-3.160,-3.579,-4.065,-4.717,-5.334,-5.918,-6.430,-6.991,-7.651,-8.167,-8.570,-9.012,-9.378,-9.777,-10.193,-10.632,-11.154,-11.693,-12.326,-13.315,-14.881,-19.263,-32.050,-55.073,-91.785,-153.102,-249.509,-369.402,-523.373,-686.702,-955.277,-1415.040,-2420.386,-5501.034,-186931.170,7541.872,4292.491,3198.605,2672.016,2446.420,2262.022,2105.524,1989.573,1897.558,1819.479,1742.382,1651.087,1537.533,1394.952,1222.215,1089.460,971.666,881.941,804.626,732.556,662.967,603.300,549.675,499.342,450.203,351.019,252.602,145.505
0.000,0.000,0.000,0.000,25203.734,-1.684,-2.508,-3.095,-3.740,-4.502,-5.558,-6.557,-7.502,-8.328,-9.246,-10.346,-11.191,-11.839,-12.562,-13.150,-13.794,-14.472,-15.192,-16.061,-16.962,-18.034,-19.756,-22.531,-30.517,-54.145,-96.827,-165.650,-284.084,-481.105,-746.818,-1127.811,-1587.953,-2522.334,-4972.684,-32241.249,9614.214,4814.553,3454.979,2861.743,2514.288,2294.424,2185.766,2086.225,1991.184,1912.821,1844.370,1781.487,1715.152,1632.268,1525.194,1387.364,1217.839,1086.678,969.812,880.607,803.627,731.790,662.373,602.827,549.291,499.027,449.944,350.827,252.469,145.429
0.000,0.000,0.000,0.000,0.000,120084.510,-8.634,-10.285,-12.723,-15.879,-20.612,-24.620,-28.157,-30.980,-34.230,-38.304,-41.050,-42.890,-45.079,-46.611,-48.162,-49.837,-51.698,-54.125,-56.674,-59.883,-65.604,-75.304,-105.433,-197.721,-369.983,-676.195,-1341.559,-3196.196,-11487.481,19184.552,7693.993,4939.179,3771.292,3108.413,2717.504,2471.644,2301.917,2187.586,2099.093,2029.346,1989.777,1946.415,1896.070,1847.032,1797.859,1747.810,1690.771,1615.277,1513.971,1380.411,1213.795,1084.089,968.074,879.349,802.677,731.059,661.801,602.368,548.917,498.717,449.687,350.634,252.333,145.350
0.000,0.000,0.000,0.000,0.000,0.000,270105.571,-17.835,-24.487,-32.229,-43.985,-51.749,-57.776,-61.843,-67.120,-74.422,-78.340,-80.283,-83.127,-84.435,-85.310,-86.566,-88.370,-91.334,-94.620,-99.260,-108.749,-125.720,-182.246,-362.346,-719.808,-1464.404,-3966.260,143979.745,6972.833,4399.450,3660.036,3159.849,2819.476,2564.355,2384.192,2256.308,2159.749,2089.993,2032.264,1983.510,1954.606,1920.485,1877.895,1834.161,1788.572,1740.954,1685.693,1611.614,1511.411,1378.669,1212.621,1083.233,967.420,878.824,802.243,730.691,661.487,602.096,548.678,498.508,449.503,350.478,252.212,145.274
0.000,0.000,0.000,0.000,0.000,0.000,0.000,404331.101,-39.467,-51.378,-71.446,-80.520,-86.631,-89.692,-95.530,-105.173,-108.890,-109.646,-112.118,-112.116,-110.997,-110.787,-111.718,-114.492,-117.886,-123.358,-135.916,-159.177,-240.289,-507.899,-1078.490,-2519.781,-14085.955,7888.526,4326.368,3391.779,3039.912,2768.529,2563.675,2397.277,2272.474,2179.738,2106.990,2052.680,2006.110,1965.239,1940.433,1909.914,1870.381,1828.757,1784.604,1737.961,1683.409,1609.886,1510.108,1377.677,1211.855,1082.619,966.914,878.395,801.873,730.368,661.201,601.843,548.453,498.306,449.322,350.322,252.089,145.196
0.000,0.000,0.000,0.000,0.000,0.000,0.000,0.000,519467.194,-72.460,-105.655,-110.470,-113.164,-112.657,-118.159,-130.300,-132.865,-131.493,-133.059,-131.085,-127.211,-125.143,-125.053,-127.637,-131.185,-137.599,-153.517,-183.514,-291.309,-659.277,-1515.602,-4360.682,27434.717,5033.450,3517.833,2976.080,2753.945,2572.435,2427.575,2304.162,2208.076,2134.506,2075.236,2029.912,1989.970,1953.854,1931.549,1903.238,1865.585,1825.263,1781.996,1735.955,1681.838,1608.647,1509.117,1376.865,1211.177,1082.052,966.432,877.980,801.509,730.046,660.915,601.587,548.223,498.100,449.138,350.161,251.962,145.114
0.000,0.000,0.000,0.000,0.000,0.000,0.000,0.000,0.000,617988.610,-157.652,-137.658,-131.611,-125.226,-131.109,-147.817,-148.773,-144.681,-145.306,-141.089,-134.216,-130.457,-129.705,-132.592,-136.733,-144.557,-164.595,-202.395,-340.827,-831.524,-2112.577,-8964.934,8868.585,3995.970,3099.001,2732.394,2576.782,2445.386,2336.316,2239.963,2162.734,2102.157,2052.245,2013.276,1978.083,1945.410,1924.929,1898.233,1861.956,1822.589,1779.971,1734.369,1680.566,1607.610,1508.248,1376.117,1210.525,1081.493,965.949,877.560,801.139,729.717,660.621,601.323,547.987,497.887,448.947,349.994,251.829,145.029
0.000,0.000,0.000,0.000,0.000,0.000,0.000,0.000,0.000,0.000,695590.403,-110.511,-115.683,-111.275,-126.437,-155.344,-155.166,-148.230,-148.575,-142.257,-132.700,-127.967,-127.342,-131.394,-136.807,-146.708,-171.913,-218.972,-393.622,-1042.246,-3033.413,-49508.866,5797.349,3436.312,2830.649,2564.233,2450.026,2351.684,2267.374,2190.493,2127.261,2076.556,2033.885,1999.898,1968.467,1938.541,1919.524,1894.126,1858.952,1820.352,1778.255,1733.004,1679.449,1606.673,1507.437,1375.393,1209.875,1080.928,965.456,877.129,800.758,729.377,660.316,601.049,547.741,497.666,448.747,349.820,251.691,144.941
0.000,0.000,0.000,0.000,0.000,0.000,0.000,0.000,0.000,0.000,0.000,780565.069,-122.614,-109.943,-137.765,-182.119,-175.047,-161.402,-159.495,-148.974,-134.665,-128.128,-127.305,-132.433,-139.049,-151.077,-181.924,-239.218,-456.169,-1315.844,-4703.540,18206.529,4499.686,3073.513,2636.359,2435.719,2350.380,2276.225,2210.773,2149.221,2097.297,2054.728,2018.114,1988.343,1960.121,1932.553,1914.797,1890.518,1856.296,1818.356,1776.706,1731.756,1678.411,1605.784,1506.646,1374.670,1209.213,1080.348,964.948,876.683,800.363,729.023,659.999,600.764,547.484,497.435,448.539,349.637,251.546,144.848
0.000,0.000,0.000,0.000,0.000,0.000,0.000,0.000,0.000,0.000,0.000,0.000,863033.201,-93.445,-159.936,-228.213,-202.773,-176.963,-170.699,-153.929,-133.504,-125.353,-124.828,-131.661,-139.917,-154.560,-192.108,-261.392,-529.932,-1691.190,-8797.424,8408.318,3773.709,2816.022,2487.605,2333.416,2269.416,2213.816,2163.285,2114.178,2071.620,2035.891,2004.431,1978.274,1952.821,1927.296,1910.636,1887.329,1853.930,1816.560,1775.295,1730.603,1677.436,1604.928,1505.867,1373.942,1208.536,1079.749,964.420,876.219,799.951,728.655,659.667,600.466,547.216,497.193,448.322,349.447,251.395,144.751
0.000,0.000,0.000,0.000,0.000,0.000,0.000,0.000,0.000,0.000,0.000,0.000,0.000,951169.194,-247.749,-328.421,-247.957,-198.190,-182.692,-156.274,-128.231,-119.216,-119.856,-129.300,-139.757,-157.628,-203.249,-286.861,-620.431,-2251.057,-36595.831,5707.299,3301.705,2620.281,2367.906,2248.546,2201.144,2160.444,2122.208,2083.579,2049.038,2019.235,1992.281,1969.305,1946.299,1922.582,1906.897,1884.450,1851.778,1814.910,1773.983,1729.515,1676.500,1604.092,1505.089,1373.200,1207.836,1079.127,963.871,875.735,799.520,728.269,659.321,600.154,546.935,496.939,448.094,349.247,251.236,144.649
0.000,0.000,0.000,0.000,0.000,0.000,0.000,0.000,0.000,0.000,0.000,0.000,0.000,0.000,1017440.488,-437.357,-241.094,-170.897,-156.750,-127.356,-102.366,-99.385,-105.167,-120.254,-134.644,-157.252,-213.524,-315.396,-735.798,-3202.656,19937.352,4425.885,2965.935,2464.702,2268.540,2176.403,2142.381,2114.008,2086.161,2056.535,2028.973,2004.379,1981.410,1961.261,1940.435,1918.332,1903.517,1881.837,1849.808,1813.382,1772.752,1728.480,1675.594,1603.265,1504.304,1372.440,1207.111,1078.480,963.297,875.228,799.070,727.865,658.957,599.827,546.640,496.673,447.854,349.037,251.069,144.542
0.000,0.000,0.000,0.000,0.000,0.000,0.000,0.000,0.000,0.000,0.000,0.000,0.000,0.000,0.000,1069033.083,-27.835,-20.670,-113.272,-87.700,-76.545,-82.909,-94.805,-116.153,-134.560,-162.302,-231.238,-355.685,-896.834,-5243.610,8211.394,3659.170,2706.989,2333.605,2181.552,2111.860,2089.171,2071.536,2052.933,2031.455,2010.284,1990.499,1971.232,1953.718,1934.927,1914.332,1900.330,1879.364,1847.931,1811.914,1771.556,1727.462,1674.693,1602.430,1503.499,1371.652,1206.353,1077.801,962.695,874.696,798.596,727.440,658.575,599.483,546.330,496.394,447.603,348.816,250.894,144.430
0.000,0.000,0.000,0.000,0.000,0.000,0.000,0.000,0.000,0.000,0.000,0.000,0.000,0.000,0.000,0.000,1163828.888,-8.689,-180.403,-111.710,-83.687,-89.008,-101.980,-126.314,-147.030,-179.180,-262.015,-414.083,-1131.011,-12711.939,5289.878,3139.577,2496.272,2218.592,2102.541,2052.029,2039.274,2031.331,2021.253,2007.418,1992.310,1977.121,1961.410,1946.431,1929.603,1910.461,1897.243,1876.963,1846.098,1810.470,1770.369,1726.443,1673.780,1601.575,1502.666,1370.829,1205.558,1077.088,962.062,874.136,798.098,726.993,658.172,599.121,546.003,496.099,447.337,348.583,250.709,144.311
0.000,0.000,0.000,0.000,0.000,0.000,0.000,0.000,0.000,0.000,0.000,0.000,0.000,0.000,0.000,0.000,0.000,1262132.286,-348.125,-148.330,-87.844,-92.862,-107.928,-136.895,-160.986,-199.538,-303.106,-497.260,-1530.630,31814.545,3925.543,2758.301,2321.010,2117.693,2031.597,1997.627,1993.627,1994.380,1992.046,1985.216,1975.694,1964.752,1952.329,1939.695,1924.678,1906.873,1894.375,1874.722,1844.371,1809.092,1769.220,1725.441,1672.870,1600.707,1501.808,1369.971,1204.724,1076.338,961.394,873.546,797.572,726.522,657.747,598.738,545.658,495.789,447.058,348.338,250.514,144.187
0.000,0.000,0.000,0.000,0.000,0.000,0.000,0.000,0.000,0.000,0.000,0.000,0.000,0.000,0.000,0.000,0.000,0.000,1323177.700,-14.900,-58.320,-79.407,-103.943,-144.636,-175.761,-226.209,-367.855,-639.850,-2451.551,6921.402,3112.835,2458.646,2169.291,2026.477,1966.237,1947.016,1950.975,1959.763,1964.654,1964.394,1960.125,1953.177,1943.842,1933.405,1920.078,1903.517,1891.689,1872.612,1842.728,1807.764,1768.097,1724.447,1671.952,1599.820,1500.918,1369.073,1203.846,1075.546,960.689,872.923,797.016,726.023,657.298,598.334,545.294,495.460,446.762,348.079,250.308,144.055
0.000,0.000,0.000,0.000,0.000,0.000,0.000,0.000,0.000,0.000,0.000,0.000,0.000,0.000,0.000,0.000,0.000,0.000,0.000,1512460.157,-72.995,-99.008,-132.077,-188.381,-228.890,-300.643,-523.075,-978.513,-6936.756,3819.238,2561.734,2208.783,2031.153,1939.749,1902.802,1897.331,1908.858,1925.458,1937.466,1943.735,1944.700,1941.732,1935.470,1927.211,1915.556,1900.217,1889.046,1870.530,1841.096,1806.433,1766.959,1723.432,1671.006,1598.895,1499.983,1368.124,1202.916,1074.708,959.942,872.262,796.427,725.495,656.823,597.906,544.908,495.113,446.449,347.805,250.091,143.916
0.000,0.000,0.000,0.000,0.000,0.000,0.000,0.000,0.000,0.000,0.000,0.000,0.000,0.000,0.000,0.000,0.000,0.000,0.000,0.000,2008745.705,-184.869,-249.505,-341.079,-387.694,-516.660,-1026.976,-2262.369,8643.830,2686.609,2201.234,2020.749,1920.222,1867.830,1849.458,1855.309,1873.204,1896.480,1914.588,1926.436,1931.848,1932.234,1928.540,1922.088,1911.806,1897.462,1886.826,1868.757,1839.669,1805.233,1765.902,1722.461,1670.077,1597.962,1499.020,1367.133,1201.935,1073.821,959.151,871.562,795.803,724.935,656.319,597.453,544.500,494.744,446.117,347.514,249.860,143.768
0.000,0.000,0.000,0.000,0.000,0.000,0.000,0.000,0.000,0.000,0.000,0.000,0.000,0.000,0.000,0.000,0.000,0.000,0.000,0.000,0.000,2247428.981,-378.026,-466.425,-499.647,-704.750,-1751.730,-5400.833,4214.338,2346.139,2055.666,1936.302,1867.327,1832.362,1822.764,1834.281,1855.529,1882.401,1903.720,1918.397,1925.969,1927.923,1925.386,1919.726,1910.023,1896.083,1885.671,1867.763,1838.770,1804.388,1765.082,1721.645,1669.242,1597.074,1498.060,1366.114,1200.911,1072.889,958.317,870.822,795.143,724.342,655.784,596.971,544.066,494.353,445.765,347.205,249.615,143.612
0.000,0.000,0.000,0.000,0.000,0.000,0.000,0.000,0.000,0.000,0.000,0.000,0.000,0.000,0.000,0.000,0.000,0.000,0.000,0.000,0.000,0.000,2389208.225,-532.610,-556.589,-916.274,-3699.428,2011998.861,3076.155,2147.570,1959.992,1877.977,1829.769,1806.841,1803.506,1819.265,1843.127,1872.842,1896.611,1913.334,1922.374,1925.327,1923.487,1918.278,1908.887,1895.148,1884.854,1867.006,1838.019,1803.628,1764.303,1720.842,1668.397,1596.153,1497.050,1365.034,1199.820,1071.895,957.428,870.033,794.440,723.710,655.215,596.459,543.604,493.937,445.391,346.877,249.355,143.445
0.000,0.000,0.000,0.000,0.000,0.000,0.000,0.000,0.000,0.000,0.000,0.000,0.000,0.000,0.000,0.000,0.000,0.000,0.000,0.000,0.000,0.000,0.000,2574804.451,-608.496,-1925.736,11016.542,5333.513,2468.060,1997.636,1882.538,1829.422,1798.111,1785.287,1787.322,1806.872,1833.152,1865.512,1891.464,1909.890,1920.050,1923.698,1922.293,1917.341,1908.103,1894.446,1884.208,1866.362,1837.324,1802.886,1763.516,1720.012,1667.510,1595.177,1495.972,1363.877,1198.652,1070.832,956.476,869.190,793.687,723.035,654.607,595.912,543.111,493.492,444.991,346.527,249.077,143.268
0.000,0.000,0.000,0.000,0.000,0.000,0.000,0.000,0.000,0.000,0.000,0.000,0.000,0.000,0.000,0.000,0.000,0.000,0.000,0.000,0.000,0.000,0.000,0.000,2687737.354,28904.554,3231.021,3487.640,2220.251,1917.556,1837.683,1800.160,1778.607,1771.958,1777.456,1799.740,1827.922,1862.372,1889.862,1909.260,1919.864,1923.649,1922.231,1917.210,1907.872,1894.110,1883.833,1865.897,1836.728,1802.187,1762.735,1719.164,1666.585,1594.144,1494.822,1362.638,1197.398,1069.691,955.456,868.286,792.882,722.312,653.957,595.327,542.584,493.017,444.564,346.153,248.781,143.079
0.000,0.000,0.000,0.000,0.000,0.000,0.000,0.000,0.000,0.000,0.000,0.000,0.000,0.000,0.000,0.000,0.000,0.000,0.000,0.000,0.000,0.000,0.000,0.000,0.000,2683512.541,2484.880,3236.872,2104.972,1869.982,1809.084,1780.864,1765.556,1763.149,1771.207,1795.839,1825.809,1862.192,1890.873,1910.737,1921.274,1924.761,1922.977,1917.637,1908.006,1893.999,1883.617,1865.526,1836.164,1801.480,1761.920,1718.263,1665.593,1593.030,1493.578,1361.298,1196.045,1068.461,954.357,867.314,792.016,721.536,653.258,594.698,542.019,492.508,444.106,345.753,248.464,142.876
0.000,0.000,0.000,0.000,0.000,0.000,0.000,0.000,0.000,0.000,0.000,0.000,0.000,0.000,0.000,0.000,0.000,0.000,0.000,0.000,0.000,0.000,0.000,0.000,0.000,0.000,2576216.964,4085.881,1995.753,1822.027,1780.079,1761.475,1752.752,1754.871,1765.701,1793.067,1825.179,1863.799,1893.641,1913.679,1923.781,1926.645,1924.232,1918.393,1908.334,1893.987,1883.457,1865.166,1835.571,1800.718,1761.033,1717.279,1664.509,1591.813,1492.221,1359.841,1194.578,1067.131,953.171,866.265,791.082,720.699,652.506,594.023,541.410,491.961,443.614,345.323,248.124,142.659
0.000,0.000,0.000,0.000,0.000,0.000,0.000,0.000,0.000,0.000,0.000,0.000,0.000,0.000,0.000,0.000,0.000,0.000,0.000,0.000,0.000,0.000,0.000,0.000,0.000,0.000,0.000,2495724.679,1774.671,1751.380,1740.754,1736.898,1737.675,1745.885,1760.274,1791.216,1826.119,1867.510,1898.502,1918.320,1927.507,1929.346,1925.999,1919.460,1908.829,1894.045,1883.327,1864.794,1834.925,1799.879,1760.054,1716.195,1663.315,1590.476,1490.736,1358.250,1192.983,1065.687,951.886,865.131,790.074,719.796,651.695,593.294,540.755,491.371,443.084,344.860,247.758,142.426
0.000,0.000,0.000,0.000,0.000,0.000,0.000,0.000,0.000,0.000,0.000,0.000,0.000,0.000,0.000,0.000,0.000,0.000,0.000,0.000,0.000,0.000,0.000,0.000,0.000,0.000,0.000,0.000,2059200.547,1741.500,1733.500,1732.357,1735.561,1746.061,1762.393,1796.642,1834.519,1878.419,1909.383,1927.348,1934.201,1933.987,1928.984,1921.294,1909.778,1894.351,1883.356,1864.494,1834.274,1798.989,1758.994,1715.011,1662.008,1589.009,1489.108,1356.512,1191.244,1064.118,950.491,863.900,788.981,718.818,650.817,592.506,540.047,490.734,442.512,344.360,247.363,142.175
0.000,0.000,0.000,0.000,0.000,0.000,0.000,0.000,0.000,0.000,0.000,0.000,0.000,0.000,0.000,0.000,0.000,0.000,0.000,0.000,0.000,0.000,0.000,0.000,0.000,0.000,0.000,0.000,0.000,1541401.601,1725.888,1729.536,1735.625,1748.692,1767.341,1806.115,1848.019,1894.732,1924.611,1939.184,1942.514,1939.503,1932.395,1923.315,1910.771,1894.622,1883.324,1864.104,1833.505,1797.966,1757.795,1713.683,1660.551,1587.386,1487.315,1354.607,1189.346,1062.409,948.975,862.565,787.796,717.759,649.866,591.653,539.280,490.045,441.894,343.821,246.937,141.904
0.000,0.000,0.000,0.000,0.000,0.000,0.000,0.000,0.000,0.000,0.000,0.000,0.000,0.000,0.000,0.000,0.000,0.000,0.000,0.000,0.000,0.000,0.000,0.000,0.000,0.000,0.000,0.000,0.000,0.000,1221723.850,1732.392,1738.940,1753.892,1774.979,1819.532,1866.583,1916.092,1943.305,1952.726,1951.467,1945.141,1935.695,1925.150,1911.557,1894.691,1883.109,1863.537,1832.560,1796.770,1756.426,1712.188,1658.926,1585.587,1485.341,1352.520,1187.277,1060.550,947.329,861.116,786.511,716.611,648.837,590.730,538.451,489.300,441.225,343.238,246.477,141.611
0.000,0.000,0.000,0.000,0.000,0.000,0.000,0.000,0.000,0.000,0.000,0.000,0.000,0.000,0.000,0.000,0.000,0.000,0.000,0.000,0.000,0.000,0.000,0.000,0.000,0.000,0.000,0.000,0.000,0.000,0.000,978136.997,1742.963,1761.163,1786.095,1839.710,1894.347,1945.981,1967.094,1968.317,1960.946,1950.684,1938.678,1926.628,1912.002,1894.456,1882.626,1862.723,1831.379,1795.351,1754.844,1710.487,1657.097,1583.581,1483.155,1350.221,1185.008,1058.518,945.533,859.538,785.112,715.362,647.718,589.727,537.551,488.490,440.499,342.606,245.979,141.294
0.000,0.000,0.000,0.000,0.000,0.000,0.000,0.000,0.000,0.000,0.000,0.000,0.000,0.000,0.000,0.000,0.000,0.000,0.000,0.000,0.000,0.000,0.000,0.000,0.000,0.000,0.000,0.000,0.000,0.000,0.000,0.000,759884.859,1775.124,1806.958,1876.819,1943.348,1991.403,1997.778,1985.561,1970.199,1955.492,1940.877,1927.420,1911.883,1893.764,1881.757,1861.571,1829.892,1793.653,1753.002,1708.539,1655.027,1581.330,1480.721,1347.679,1182.512,1056.289,943.567,857.812,783.584,714.000,646.497,588.633,536.569,487.609,439.709,341.918,245.436,140.950
0.000,0.000,0.000,0.000,0.000,0.000,0.000,0.000,0.000,0.000,0.000,0.000,0.000,0.000,0.000,0.000,0.000,0.000,0.000,0.000,0.000,0.000,0.000,0.000,0.000,0.000,0.000,0.000,0.000,0.000,0.000,0.000,0.000,597784.085,1850.054,1946.548,2028.722,2050.257,2028.204,1998.839,1975.725,1957.441,1941.019,1926.732,1910.708,1892.312,1880.280,1859.928,1827.999,1791.607,1750.849,1706.303,1652.680,1578.806,1478.012,1344.868,1179.765,1053.844,941.414,855.925,781.915,712.511,645.165,587.440,535.499,486.648,438.847,341.168,244.846,140.576
0.000,0.000,0.000,0.000,0.000,0.000,0.000,0.000,0.000,0.000,0.000,0.000,0.000,0.000,0.000,0.000,0.000,0.000,0.000,0.000,0.000,0.000,0.000,0.000,0.000,0.000,0.000,0.000,0.000,0.000,0.000,0.000,0.000,0.000,511672.751,2032.717,2134.929,2092.055,2040.416,1999.802,1973.491,1954.421,1937.963,1923.896,1908.088,1889.868,1878.026,1857.675,1825.618,1789.153,1748.338,1703.738,1650.019,1575.970,1474.992,1341.752,1176.735,1051.154,939.051,853.855,780.085,710.881,643.707,586.135,534.328,485.597,437.906,340.349,244.201,140.167
0.000,0.000,0.000,0.000,0.000,0.000,0.000,0.000,0.000,0.000,0.000,0.000,0.000,0.000,0.000,0.000,0.000,0.000,0.000,0.000,0.000,0.000,0.000,0.000,0.000,0.000,0.000,0.000,0.000,0.000,0.000,0.000,0.000,0.000,0.000,443676.022,2347.910,2091.895,2026.630,1986.650,1963.156,1946.452,1931.816,1919.009,1904.091,1886.462,1875.004,1854.796,1822.703,1786.228,1745.396,1700.769,1646.967,1572.741,1471.579,1338.254,1173.354,1048.164,936.429,851.563,778.062,709.080,642.097,584.694,533.037,484.439,436.868,339.447,243.491,139.717
0.000,0.000,0.000,0.000,0.000,0.000,0.000,0.000,0.000,0.000,0.000,0.000,0.000,0.000,0.000,0.000,0.000,0.000,0.000,0.000,0.000,0.000,0.000,0.000,0.000,0.000,0.000,0.000,0.000,0.000,0.000,0.000,0.000,0.000,0.000,0.000,413172.680,2030.106,1991.504,1964.999,1948.766,1936.320,1924.458,1913.357,1899.563,1882.637,1871.615,1851.551,1819.398,1782.903,1742.050,1697.392,1643.499,1569.079,1467.720,1334.316,1169.567,1044.825,933.509,849.014,775.814,707.081,640.311,583.098,531.607,483.156,435.719,338.449,242.708,139.221
0.000,0.000,0.000,0.000,0.000,0.000,0.000,0.000,0.000,0.000,0.000,0.000,0.000,0.000,0.000,0.000,0.000,0.000,0.000,0.000,0.000,0.000,0.000,0.000,0.000,0.000,0.000,0.000,0.000,0.000,0.000,0.000,0.000,0.000,0.000,0.000,0.000,341331.124,1962.466,1947.189,1936.979,1927.881,1918.108,1908.260,1895.223,1878.738,1868.069,1847.997,1815.634,1779.056,1738.154,1693.453,1639.455,1564.822,1463.257,1329.794,1165.249,1041.036,930.208,846.139,773.283,704.833,638.306,581.307,530.004,481.720,434.435,337.335,241.833,138.669
0.000,0.000,0.000,0.000,0.000,0.000,0.000,0.000,0.000,0.000,0.000,0.000,0.000,0.000,0.000,0.000,0.000,0.000,0.000,0.000,0.000,0.000,0.000,0.000,0.000,0.000,0.000,0.000,0.000,0.000,0.000,0.000,0.000,0.000,0.000,0.000,0.000,0.000,280387.950,1938.127,1930.326,1922.487,1913.506,1904.156,1891.332,1874.931,1864.491,1844.215,1811.463,1774.720,1733.728,1688.963,1634.836,1559.958,1458.170,1324.662,1160.373,1036.774,926.503,842.917,770.450,702.320,636.065,579.307,528.215,480.118,433.002,336.093,240.859,138.054
0.000,0.000,0.000,0.000,0.000,0.000,0.000,0.000,0.000,0.000,0.000,0.000,0.000,0.000,0.000,0.000,0.000,0.000,0.000,0.000,0.000,0.000,0.000,0.000,0.000,0.000,0.000,0.000,0.000,0.000,0.000,0.000,0.000,0.000,0.000,0.000,0.000,0.000,0.000,221545.257,1924.509,1917.306,1908.799,1899.768,1886.989,1870.567,1860.362,1839.769,1806.519,1769.601,1728.526,1683.706,1629.449,1554.309,1452.298,1318.779,1154.823,1031.944,922.318,839.284,767.260,699.492,633.546,577.060,526.206,478.320,431.394,334.701,239.769,137.367
0.000,0.000,0.000,0.000,0.000,0.000,0.000,0.000,0.000,0.000,0.000,0.000,0.000,0.000,0.000,0.000,0.000,0.000,0.000,0.000,0.000,0.000,0.000,0.000,0.000,0.000,0.000,0.000,0.000,0.000,0.000,0.000,0.000,0.000,0.000,0.000,0.000,0.000,0.000,0.000,175483.783,1912.092,1903.932,1895.066,1882.155,1865.606,1855.646,1834.584,1800.713,1763.614,1722.466,1677.599,1623.206,1547.784,1445.545,1312.054,1148.518,1026.479,917.593,835.189,763.667,696.309,630.713,574.534,523.949,476.300,429.589,333.137,238.546,136.596
0.000,0.000,0.000,0.000,0.000,0.000,0.000,0.000,0.000,0.000,0.000,0.000,0.000,0.000,0.000,0.000,0.000,0.000,0.000,0.000,0.000,0.000,0.000,0.000,0.000,0.000,0.000,0.000,0.000,0.000,0.000,0.000,0.000,0.000,0.000,0.000,0.000,0.000,0.000,0.000,0.000,138613.166,1898.705,1889.727,1876.482,1859.733,1850.064,1828.333,1793.724,1756.486,1715.307,1670.422,1615.894,1540.172,1437.715,1304.312,1141.309,1020.259,912.231,830.550,759.601,692.709,627.510,571.680,521.398,474.018,427.550,331.373,237.166,135.728
0.000,0.000,0.000,0.000,0.000,0.000,0.000,0.000,0.000,0.000,0.000,0.000,0.000,0.000,0.000,0.000,0.000,0.000,0.000,0.000,0.000,0.000,0.000,0.000,0.000,0.000,0.000,0.000,0.000,0.000,0.000,0.000,0.000,0.000,0.000,0.000,0.000,0.000,0.000,0.000,0.000,0.000,107038.620,1882.646,1869.248,1852.422,1843.171,1820.506,1785.108,1747.867,1706.750,1661.901,1607.255,1531.223,1428.572,1295.345,1133.026,1013.147,906.118,825.269,754.976,688.618,623.871,568.438,518.502,471.428,425.236,329.370,235.601,134.745
0.000,0.000,0.000,0.000,0.000,0.000,0.000,0.000,0.000,0.000,0.000,0.000,0.000,0.000,0.000,0.000,0.000,0.000,0.000,0.000,0.000,0.000,0.000,0.000,0.000,0.000,0.000,0.000,0.000,0.000,0.000,0.000,0.000,0.000,0.000,0.000,0.000,0.000,0.000,0.000,0.000,0.000,0.000,84037.596,1861.403,1844.150,1835.229,1811.023,1774.803,1737.738,1696.762,1651.976,1597.196,1520.814,1417.983,1285.024,1123.553,1005.047,899.170,819.272,749.727,683.974,619.740,564.757,515.213,468.486,422.608,327.094,233.824,133.629
0.000,0.000,0.000,0.000,0.000,0.000,0.000,0.000,0.000,0.000,0.000,0.000,0.000,0.000,0.000,0.000,0.000,0.000,0.000,0.000,0.000,0.000,0.000,0.000,0.000,0.000,0.000,0.000,0.000,0.000,0.000,0.000,0.000,0.000,0.000,0.000,0.000,0.000,0.000,0.000,0.000,0.000,0.000,0.000,63487.709,1832.633,1824.110,1797.820,1761.603,1725.307,1684.710,1640.085,1585.190,1508.448,1405.502,1272.972,1112.590,995.723,891.193,812.397,743.712,678.654,615.007,560.539,511.446,465.115,419.596,324.486,231.788,132.353
0.000,0.000,0.000,0.000,0.000,0.000,0.000,0.000,0.000,0.000,0.000,0.000,0.000,0.000,0.000,0.000,0.000,0.000,0.000,0.000,0.000,0.000,0.000,0.000,0.000,0.000,0.000,0.000,0.000,0.000,0.000,0.000,0.000,0.000,0.000,0.000,0.000,0.000,0.000,0.000,0.000,0.000,0.000,0.000,0.000,47579.211,1807.018,1781.555,1747.194,1711.946,1671.578,1626.914,1571.693,1494.405,1391.290,1259.279,1100.177,985.189,882.184,804.628,736.907,672.627,609.638,555.750,507.163,461.281,416.167,321.510,229.464,130.897
0.000,0.000,0.000,0.000,0.000,0.000,0.000,0.000,0.000,0.000,0.000,0.000,0.000,0.000,0.000,0.000,0.000,0.000,0.000,0.000,0.000,0.000,0.000,0.000,0.000,0.000,0.000,0.000,0.000,0.000,0.000,0.000,0.000,0.000,0.000,0.000,0.000,0.000,0.000,0.000,0.000,0.000,0.000,0.000,0.000,0.000,41394.545,1774.107,1737.855,1701.347,1659.664,1613.935,1557.624,1479.212,1375.636,1244.088,1086.370,973.464,872.132,795.937,729.276,665.849,603.585,550.339,502.315,456.933,412.273,318.120,226.814,129.237
0.000,0.000,0.000,0.000,0.000,0.000,0.000,0.000,0.000,0.000,0.000,0.000,0.000,0.000,0.000,0.000,0.000,0.000,0.000,0.000,0.000,0.000,0.000,0.000,0.000,0.000,0.000,0.000,0.000,0.000,0.000,0.000,0.000,0.000,0.000,0.000,0.000,0.000,0.000,0.000,0.000,0.000,0.000,0.000,0.000,0.000,0.000,31029.810,1717.461,1680.374,1637.945,1591.877,1535.193,1456.490,1353.560,1223.674,1068.480,958.560,859.506,785.101,719.807,657.472,596.128,543.691,496.372,451.613,407.518,313.992,223.601,127.232
0.000,0.000,0.000,0.000,0.000,0.000,0.000,0.000,0.000,0.000,0.000,0.000,0.000,0.000,0.000,0.000,0.000,0.000,0.000,0.000,0.000,0.000,0.000,0.000,0.000,0.000,0.000,0.000,0.000,0.000,0.000,0.000,0.000,0.000,0.000,0.000,0.000,0.000,0.000,0.000,0.000,0.000,0.000,0.000,0.000,0.000,0.000,0.000,22297.277,1649.390,1607.554,1562.332,1506.217,1428.181,1326.946,1199.653,1047.751,941.403,844.989,772.633,708.895,647.798,587.497,535.984,489.473,445.430,401.984,309.176,219.851,124.896
0.000,0.000,0.000,0.000,0.000,0.000,0.000,0.000,0.000,0.000,0.000,0.000,0.000,0.000,0.000,0.000,0.000,0.000,0.000,0.000,0.000,0.000,0.000,0.000,0.000,0.000,0.000,0.000,0.000,0.000,0.000,0.000,0.000,0.000,0.000,0.000,0.000,0.000,0.000,0.000,0.000,0.000,0.000,0.000,0.000,0.000,0.000,0.000,0.000,16800.524,1575.688,1531.060,1475.363,1398.067,1298.724,1174.130,1025.593,922.966,829.254,759.020,696.896,637.085,577.876,527.348,481.710,438.446,395.712,303.678,215.560,122.222
0.000,0.000,0.000,0.000,0.000,0.000,0.000,0.000,0.000,0.000,0.000,0.000,0.000,0.000,0.000,0.000,0.000,0.000,0.000,0.000,0.000,0.000,0.000,0.000,0.000,0.000,0.000,0.000,0.000,0.000,0.000,0.000,0.000,0.000,0.000,0.000,0.000,0.000,0.000,0.000,0.000,0.000,0.000,0.000,0.000,0.000,0.000,0.000,0.000,0.000,12857.784,1495.685,1441.007,1365.045,1268.001,1146.279,1001.249,902.595,811.706,743.724,683.312,624.872,566.836,517.393,472.727,430.339,388.409,297.240,210.531,119.093
0.000,0.000,0.000,0.000,0.000,0.000,0.000,0.000,0.000,0.000,0.000,0.000,0.000,0.000,0.000,0.000,0.000,0.000,0.000,0.000,0.000,0.000,0.000,0.000,0.000,0.000,0.000,0.000,0.000,0.000,0.000,0.000,0.000,0.000,0.000,0.000,0.000,0.000,0.000,0.000,0.000,0.000,0.000,0.000,0.000,0.000,0.000,0.000,0.000,0.000,0.000,10024.520,1404.940,1330.079,1234.951,1115.753,974.138,879.699,791.736,726.155,667.578,610.611,553.857,505.636,462.080,420.701,379.708,289.529,204.514,115.363
0.000,0.000,0.000,0.000,0.000,0.000,0.000,0.000,0.000,0.000,0.000,0.000,0.000,0.000,0.000,0.000,0.000,0.000,0.000,0.000,0.000,0.000,0.000,0.000,0.000,0.000,0.000,0.000,0.000,0.000,0.000,0.000,0.000,0.000,0.000,0.000,0.000,0.000,0.000,0.000,0.000,0.000,0.000,0.000,0.000,0.000,0.000,0.000,0.000,0.000,0.000,0.000,7689.817,1289.619,1195.919,1079.244,941.518,852.061,767.418,704.632,648.188,592.946,537.713,490.983,448.797,408.670,368.843,279.894,197.035,110.761
0.000,0.000,0.000,0.000,0.000,0.000,0.000,0.000,0.000,0.000,0.000,0.000,0.000,0.000,0.000,0.000,0.000,0.000,0.000,0.000,0.000,0.000,0.000,0.000,0.000,0.000,0.000,0.000,0.000,0.000,0.000,0.000,0.000,0.000,0.000,0.000,0.000,0.000,0.000,0.000,0.000,0.000,0.000,0.000,0.000,0.000,0.000,0.000,0.000,0.000,0.000,0.000,0.000,5610.230,1144.250,1031.743,899.677,816.764,736.189,676.907,623.126,570.050,516.767,471.992,431.608,393.132,354.843,267.524,187.532,104.987
0.000,0.000,0.000,0.000,0.000,0.000,0.000,0.000,0.000,0.000,0.000,0.000,0.000,0.000,0.000,0.000,0.000,0.000,0.000,0.000,0.000,0.000,0.000,0.000,0.000,0.000,0.000,0.000,0.000,0.000,0.000,0.000,0.000,0.000,0.000,0.000,0.000,0.000,0.000,0.000,0.000,0.000,0.000,0.000,0.000,0.000,0.000,0.000,0.000,0.000,0.000,0.000,0.000,0.000,3953.162,972.361,847.659,772.667,696.560,641.507,590.954,540.556,489.772,447.583,409.593,373.304,337.046,251.896,175.704,97.919
0.000,0.000,0.000,0.000,0.000,0.000,0.000,0.000,0.000,0.000,0.000,0.000,0.000,0.000,0.000,0.000,0.000,0.000,0.000,0.000,0.000,0.000,0.000,0.000,0.000,0.000,0.000,0.000,0.000,0.000,0.000,0.000,0.000,0.000,0.000,0.000,0.000,0.000,0.000,0.000,0.000,0.000,0.000,0.000,0.000,0.000,0.000,0.000,0.000,0.000,0.000,0.000,0.000,0.000,0.000,2699.140,783.362,716.933,645.294,595.706,549.348,502.540,455.234,416.667,381.967,348.632,315.079,232.846,161.608,89.687
0.000,0.000,0.000,0.000,0.000,0.000,0.000,0.000,0.000,0.000,0.000,0.000,0.000,0.000,0.000,0.000,0.000,0.000,0.000,0.000,0.000,0.000,0.000,0.000,0.000,0.000,0.000,0.000,0.000,0.000,0.000,0.000,0.000,0.000,0.000,0.000,0.000,0.000,0.000,0.000,0.000,0.000,0.000,0.000,0.000,0.000,0.000,0.000,0.000,0.000,0.000,0.000,0.000,0.000,0.000,0.000,1802.018,639.018,577.372,537.845,498.232,456.940,414.801,381.252,350.849,321.207,290.931,212.212,146.759,81.240
0.000,0.000,0.000,0.000,0.000,0.000,0.000,0.000,0.000,0.000,0.000,0.000,0.000,0.000,0.000,0.000,0.000,0.000,0.000,0.000,0.000,0.000,0.000,0.000,0.000,0.000,0.000,0.000,0.000,0.000,0.000,0.000,0.000,0.000,0.000,0.000,0.000,0.000,0.000,0.000,0.000,0.000,0.000,0.000,0.000,0.000,0.000,0.000,0.000,0.000,0.000,0.000,0.000,0.000,0.000,0.000,0.000,1405.391,533.500,499.102,462.146,423.582,384.637,354.654,327.282,300.232,272.267,195.831,135.094,74.680
0.000,0.000,0.000,0.000,0.000,0.000,0.000,0.000,0.000,0.000,0.000,0.000,0.000,0.000,0.000,0.000,0.000,0.000,0.000,0.000,0.000,0.000,0.000,0.000,0.000,0.000,0.000,0.000,0.000,0.000,0.000,0.000,0.000,0.000,0.000,0.000,0.000,0.000,0.000,0.000,0.000,0.000,0.000,0.000,0.000,0.000,0.000,0.000,0.000,0.000,0.000,0.000,0.000,0.000,0.000,0.000,0.000,0.000,1101.443,455.543,422.756,388.805,354.428,328.715,304.591,280.154,254.453,180.197,124.260,68.717
0.000,0.000,0.000,0.000,0.000,0.000,0.000,0.000,0.000,0.000,0.000,0.000,0.000,0.000,0.000,0.000,0.000,0.000,0.000,0.000,0.000,0.000,0.000,0.000,0.000,0.000,0.000,0.000,0.000,0.000,0.000,0.000,0.000,0.000,0.000,0.000,0.000,0.000,0.000,0.000,0.000,0.000,0.000,0.000,0.000,0.000,0.000,0.000,0.000,0.000,0.000,0.000,0.000,0.000,0.000,0.000,0.000,0.000,0.000,935.412,397.073,365.495,333.552,310.385,288.063,265.074,240.697,167.554,115.619,64.001
0.000,0.000,0.000,0.000,0.000,0.000,0.000,0.000,0.000,0.000,0.000,0.000,0.000,0.000,0.000,0.000,0.000,0.000,0.000,0.000,0.000,0.000,0.000,0.000,0.000,0.000,0.000,0.000,0.000,0.000,0.000,0.000,0.000,0.000,0.000,0.000,0.000,0.000,0.000,0.000,0.000,0.000,0.000,0.000,0.000,0.000,0.000,0.000,0.000,0.000,0.000,0.000,0.000,0.000,0.000,0.000,0.000,0.000,0.000,0.000,793.131,342.374,312.745,292.023,271.237,249.521,226.416,154.518,107.051,59.429
0.000,0.000,0.000,0.000,0.000,0.000,0.000,0.000,0.000,0.000,0.000,0.000,0.000,0.000,0.000,0.000,0.000,0.000,0.000,0.000,0.000,0.000,0.000,0.000,0.000,0.000,0.000,0.000,0.000,0.000,0.000,0.000,0.000,0.000,0.000,0.000,0.000,0.000,0.000,0.000,0.000,0.000,0.000,0.000,0.000,0.000,0.000,0.000,0.000,0.000,0.000,0.000,0.000,0.000,0.000,0.000,0.000,0.000,0.000,0.000,0.000,665.700,291.214,272.786,253.270,232.842,211.194,141.194,98.743,55.103
0.000,0.000,0.000,0.000,0.000,0.000,0.000,0.000,0.000,0.000,0.000,0.000,0.000,0.000,0.000,0.000,0.000,0.000,0.000,0.000,0.000,0.000,0.000,0.000,0.000,0.000,0.000,0.000,0.000,0.000,0.000,0.000,0.000,0.000,0.000,0.000,0.000,0.000,0.000,0.000,0.000,0.000,0.000,0.000,0.000,0.000,0.000,0.000,0.000,0.000,0.000,0.000,0.000,0.000,0.000,0.000,0.000,0.000,0.000,0.000,0.000,0.000,552.703,251.328,233.741,215.380,195.775,128.770,91.406,51.341
0.000,0.000,0.000,0.000,0.000,0.000,0.000,0.000,0.000,0.000,0.000,0.000,0.000,0.000,0.000,0.000,0.000,0.000,0.000,0.000,0.000,0.000,0.000,0.000,0.000,0.000,0.000,0.000,0.000,0.000,0.000,0.000,0.000,0.000,0.000,0.000,0.000,0.000,0.000,0.000,0.000,0.000,0.000,0.000,0.000,0.000,0.000,0.000,0.000,0.000,0.000,0.000,0.000,0.000,0.000,0.000,0.000,0.000,0.000,0.000,0.000,0.000,0.000,479.776,219.800,202.623,184.227,119.609,86.080,48.549
0.000,0.000,0.000,0.000,0.000,0.000,0.000,0.000,0.000,0.000,0.000,0.000,0.000,0.000,0.000,0.000,0.000,0.000,0.000,0.000,0.000,0.000,0.000,0.000,0.000,0.000,0.000,0.000,0.000,0.000,0.000,0.000,0.000,0.000,0.000,0.000,0.000,0.000,0.000,0.000,0.000,0.000,0.000,0.000,0.000,0.000,0.000,0.000,0.000,0.000,0.000,0.000,0.000,0.000,0.000,0.000,0.000,0.000,0.000,0.000,0.000,0.000,0.000,0.000,414.137,189.942,172.714,111.356,81.306,45.963
0.000,0.000,0.000,0.000,0.000,0.000,0.000,0.000,0.000,0.000,0.000,0.000,0.000,0.000,0.000,0.000,0.000,0.000,0.000,0.000,0.000,0.000,0.000,0.000,0.000,0.000,0.000,0.000,0.000,0.000,0.000,0.000,0.000,0.000,0.000,0.000,0.000,0.000,0.000,0.000,0.000,0.000,0.000,0.000,0.000,0.000,0.000,0.000,0.000,0.000,0.000,0.000,0.000,0.000,0.000,0.000,0.000,0.000,0.000,0.000,0.000,0.000,0.000,0.000,0.000,352.679,160.850,104.227,76.960,43.413
0.000,0.000,0.000,0.000,0.000,0.000,0.000,0.000,0.000,0.000,0.000,0.000,0.000,0.000,0.000,0.000,0.000,0.000,0.000,0.000,0.000,0.000,0.000,0.000,0.000,0.000,0.000,0.000,0.000,0.000,0.000,0.000,0.000,0.000,0.000,0.000,0.000,0.000,0.000,0.000,0.000,0.000,0.000,0.000,0.000,0.000,0.000,0.000,0.000,0.000,0.000,0.000,0.000,0.000,0.000,0.000,0.000,0.000,0.000,0.000,0.000,0.000,0.000,0.000,0.000,0.000,293.770,98.611,72.617,40.374
0.000,0.000,0.000,0.000,0.000,0.000,0.000,0.000,0.000,0.000,0.000,0.000,0.000,0.000,0.000,0.000,0.000,0.000,0.000,0.000,0.000,0.000,0.000,0.000,0.000,0.000,0.000,0.000,0.000,0.000,0.000,0.000,0.000,0.000,0.000,0.000,0.000,0.000,0.000,0.000,0.000,0.000,0.000,0.000,0.000,0.000,0.000,0.000,0.000,0.000,0.000,0.000,0.000,0.000,0.000,0.000,0.000,0.000,0.000,0.000,0.000,0.000,0.000,0.000,0.000,0.000,0.000,147.898,54.199,30.030
0.000,0.000,0.000,0.000,0.000,0.000,0.000,0.000,0.000,0.000,0.000,0.000,0.000,0.000,0.000,0.000,0.000,0.000,0.000,0.000,0.000,0.000,0.000,0.000,0.000,0.000,0.000,0.000,0.000,0.000,0.000,0.000,0.000,0.000,0.000,0.000,0.000,0.000,0.000,0.000,0.000,0.000,0.000,0.000,0.000,0.000,0.000,0.000,0.000,0.000,0.000,0.000,0.000,0.000,0.000,0.000,0.000,0.000,0.000,0.000,0.000,0.000,0.000,0.000,0.000,0.000,0.000,0.000,85.640,24.435
0.000,0.000,0.000,0.000,0.000,0.000,0.000,0.000,0.000,0.000,0.000,0.000,0.000,0.000,0.000,0.000,0.000,0.000,0.000,0.000,0.000,0.000,0.000,0.000,0.000,0.000,0.000,0.000,0.000,0.000,0.000,0.000,0.000,0.000,0.000,0.000,0.000,0.000,0.000,0.000,0.000,0.000,0.000,0.000,0.000,0.000,0.000,0.000,0.000,0.000,0.000,0.000,0.000,0.000,0.000,0.000,0.000,0.000,0.000,0.000,0.000,0.000,0.000,0.000,0.000,0.000,0.000,0.000,0.000,34.180
