1.000,648.859,3062.963,3195.357,1134.221,-2755.748,-3272.834,-3342.958,-3299.910,-3214.261,-3095.047,-2990.282,-2899.187,-2824.826,-2751.522,-2675.369,-2618.315,-2574.961,-2531.467,-2496.467,-2461.393,-2427.288,-2393.877,-2358.040,-2323.450,-2286.732,-2238.594,-2175.440,-2049.084,-1800.397,-1502.889,-1207.748,-927.050,-693.326,-536.625,-423.506,-350.664,-280.661,-218.072,-159.872,-110.076,-68.930,-34.183,-6.903,16.357,35.698,47.240,58.911,71.031,81.795,91.758,101.576,113.133,130.908,164.925,257.852,1193.426,-565.778,-227.108,-150.879,-113.872,-90.363,-73.565,-62.514,-54.336,-47.756,-42.128,-31.949,-25.049,-19.666
0.000,1.000,21280.946,12703.068,50.709,-3654.150,-3682.442,-3582.457,-3455.808,-3321.455,-3169.335,-3044.107,-2939.511,-2856.123,-2775.853,-2693.971,-2633.122,-2587.150,-2541.405,-2504.743,-2468.174,-2432.772,-2398.223,-2361.282,-2325.731,-2288.072,-2238.712,-2173.953,-2043.963,-1788.416,-1485.516,-1188.084,-907.511,-675.346,-520.423,-408.773,-337.009,-267.811,-205.755,-147.838,-98.114,-56.871,-21.877,5.736,29.447,49.341,61.283,73.546,86.557,98.401,109.702,121.227,135.354,158.225,205.287,356.073,-8462.763,-377.113,-190.985,-134.622,-104.599,-84.524,-69.680,-59.688,-52.176,-46.059,-40.776,-31.098,-24.469,-19.260
0.000,0.000,1.000,-2229.453,-2276.776,-4053.373,-3840.664,-3671.040,-3511.632,-3358.302,-3193.008,-3059.733,-2949.911,-2863.145,-2780.196,-2695.994,-2633.759,-2586.939,-2540.423,-2503.261,-2466.226,-2430.412,-2395.491,-2358.141,-2322.231,-2284.180,-2234.159,-2168.382,-2035.609,-1774.395,-1466.929,-1167.373,-886.483,-655.076,-501.184,-390.396,-319.304,-250.523,-188.638,-130.635,-80.629,-38.956,-3.383,24.875,49.373,70.182,82.778,95.993,110.445,124.061,137.606,152.072,170.790,203.279,277.752,600.332,-877.580,-278.126,-163.303,-120.776,-96.271,-79.103,-65.990,-56.967,-50.077,-44.398,-39.445,-30.254,-23.892,-18.855
0.000,0.000,0.000,1.000,-2280.560,-4116.047,-3858.618,-3676.378,-3510.341,-3352.548,-3183.171,-3047.695,-2936.655,-2849.399,-2765.937,-2681.059,-2618.774,-2572.218,-2525.839,-2488.994,-2452.270,-2416.726,-2382.023,-2344.769,-2308.941,-2270.856,-2220.385,-2153.617,-2017.290,-1748.244,-1434.278,-1131.363,-849.300,-618.047,-464.850,-354.694,-284.195,-215.632,-153.593,-95.015,-44.135,-1.366,35.549,65.238,91.440,114.219,128.227,143.529,161.224,178.976,197.982,219.970,251.188,312.678,491.339,3838.966,-418.804,-210.953,-139.071,-107.585,-87.992,-73.578,-62.176,-54.134,-47.885,-42.664,-38.058,-29.382,-23.301,-18.445
0.000,0.000,0.000,0.000,1.000,-4322.069,-3901.902,-3682.904,-3498.857,-3329.384,-3149.367,-3008.713,-2895.168,-2807.303,-2723.055,-2636.867,-2574.916,-2529.466,-2483.802,-2448.121,-2412.576,-2378.073,-2344.238,-2307.513,-2272.155,-2234.219,-2182.814,-2113.735,-1968.660,-1680.787,-1352.415,-1043.112,-759.679,-529.695,-378.578,-270.193,-201.279,-133.454,-71.288,-11.615,41.067,86.166,126.001,158.864,188.934,216.321,233.706,254.244,280.629,310.269,346.309,394.113,474.321,682.602,2222.696,-855.140,-273.056,-169.153,-120.714,-96.744,-80.850,-68.648,-58.684,-51.497,-45.818,-41.011,-36.724,-28.531,-22.719,-18.038
0.000,0.000,0.000,0.000,0.000,1.000,-3457.292,-3322.307,-3165.383,-3004.281,-2815.751,-2682.675,-2581.284,-2508.665,-2435.039,-2354.588,-2303.677,-2270.852,-2235.030,-2210.774,-2187.989,-2164.882,-2140.779,-2111.930,-2083.463,-2050.519,-1999.531,-1925.541,-1751.728,-1404.100,-1038.915,-718.530,-435.346,-209.524,-63.461,40.377,104.535,169.726,231.894,294.600,352.624,404.901,454.067,497.490,541.255,586.374,617.516,662.193,735.188,840.124,1009.086,1327.996,2333.983,-9781.779,-1006.102,-403.073,-206.570,-142.798,-107.411,-88.337,-75.060,-64.513,-55.671,-49.172,-43.965,-39.507,-35.494,-27.725,-22.156,-17.638
0.000,0.000,0.000,0.000,0.000,0.000,1.000,-3093.010,-2896.672,-2714.422,-2496.722,-2376.824,-2294.998,-2244.480,-2185.315,-2112.498,-2075.607,-2057.827,-2033.458,-2022.507,-2015.560,-2006.014,-1992.913,-1972.798,-1951.587,-1923.701,-1873.258,-1795.087,-1596.878,-1205.990,-821.611,-498.683,-217.142,6.765,150.735,252.133,313.078,375.944,437.388,501.275,562.038,618.386,673.251,723.552,777.007,835.914,878.405,945.353,1067.323,1264.499,1636.890,2572.984,12869.309,-2268.738,-755.364,-355.853,-192.917,-135.798,-103.135,-85.245,-72.674,-62.617,-54.141,-47.887,-42.860,-38.547,-34.657,-27.104,-21.678,-17.268
0.000,0.000,0.000,0.000,0.000,0.000,0.000,1.000,-2653.858,-2474.799,-2238.139,-2148.851,-2094.661,-2069.243,-2024.543,-1958.017,-1933.651,-1928.773,-1913.654,-1913.667,-1920.171,-1921.357,-1916.271,-1901.961,-1885.190,-1859.844,-1808.047,-1724.729,-1505.346,-1081.649,-683.790,-357.768,-74.868,150.316,294.663,395.413,454.554,515.943,576.906,641.570,704.177,763.321,822.202,877.496,938.278,1008.122,1059.898,1146.118,1313.680,1606.250,2231.930,4362.908,-12448.738,-1664.612,-670.207,-333.586,-184.923,-131.174,-100.043,-82.875,-70.759,-61.037,-52.823,-46.751,-41.865,-37.667,-33.878,-26.510,-21.212,-16.903
0.000,0.000,0.000,0.000,0.000,0.000,0.000,0.000,1.000,-2271.053,-1997.751,-1964.615,-1947.147,-1950.328,-1917.813,-1852.603,-1839.449,-1846.448,-1838.782,-1848.412,-1866.853,-1876.545,-1876.957,-1865.738,-1850.932,-1825.779,-1770.089,-1679.206,-1436.384,-980.629,-570.384,-240.809,44.551,272.073,417.543,518.103,575.731,635.738,696.155,761.366,825.476,887.001,949.413,1009.214,1076.833,1157.245,1218.188,1324.206,1541.266,1947.136,2933.642,8181.153,-5285.413,-1397.522,-617.227,-317.311,-178.391,-127.178,-97.268,-80.698,-68.971,-59.542,-51.562,-45.656,-40.899,-36.809,-33.114,-25.924,-20.750,-16.539
0.000,0.000,0.000,0.000,0.000,0.000,0.000,0.000,0.000,1.000,-1729.572,-1828.774,-1859.987,-1893.227,-1863.815,-1788.055,-1783.924,-1801.711,-1799.077,-1816.903,-1845.544,-1861.110,-1864.159,-1853.003,-1837.611,-1810.304,-1748.036,-1647.011,-1377.771,-889.371,-466.928,-133.034,155.971,386.915,534.205,634.914,691.118,749.676,809.419,875.005,940.439,1004.184,1070.002,1134.273,1208.879,1300.431,1371.229,1499.272,1774.313,2325.553,3883.164,26616.630,-3605.213,-1231.928,-577.252,-303.668,-172.522,-123.470,-94.639,-78.612,-67.243,-58.087,-50.328,-44.580,-39.947,-35.961,-32.358,-25.341,-20.290,-16.176
0.000,0.000,0.000,0.000,0.000,0.000,0.000,0.000,0.000,0.000,1.000,-1959.224,-1932.052,-1954.534,-1882.276,-1762.557,-1763.245,-1790.421,-1789.103,-1813.412,-1849.951,-1868.032,-1870.372,-1855.933,-1837.442,-1805.788,-1734.425,-1620.999,-1322.744,-801.157,-366.318,-27.033,267.035,502.661,652.536,753.690,808.425,865.314,924.150,989.896,1056.492,1122.370,1191.620,1260.541,1342.658,1446.561,1528.494,1682.269,2028.698,2777.852,5353.833,-28244.107,-2817.594,-1112.718,-544.268,-291.520,-167.037,-119.930,-92.097,-76.578,-65.550,-56.655,-49.109,-43.515,-39.003,-35.119,-31.607,-24.761,-19.830,-15.813
0.000,0.000,0.000,0.000,0.000,0.000,0.000,0.000,0.000,0.000,0.000,1.000,-1901.461,-1960.316,-1840.147,-1681.170,-1704.559,-1751.487,-1757.976,-1794.485,-1844.529,-1867.607,-1870.465,-1853.549,-1832.683,-1797.291,-1717.371,-1592.349,-1266.476,-713.154,-264.834,82.162,383.826,626.249,779.966,882.043,935.225,990.098,1047.675,1113.285,1180.858,1248.822,1321.652,1395.619,1486.189,1604.459,1699.603,1884.975,2324.174,3362.760,8141.158,-9782.345,-2341.618,-1018.977,-515.547,-280.317,-161.801,-116.500,-89.610,-74.580,-63.881,-55.240,-47.902,-42.458,-38.064,-34.281,-30.858,-24.182,-19.371,-15.451
0.000,0.000,0.000,0.000,0.000,0.000,0.000,0.000,0.000,0.000,0.000,0.000,1.000,-2032.054,-1765.529,-1561.119,-1631.228,-1708.946,-1728.075,-1781.205,-1847.613,-1874.652,-1876.366,-1855.236,-1830.937,-1790.907,-1701.198,-1563.547,-1208.391,-621.825,-158.302,198.417,509.732,760.623,919.080,1022.197,1073.403,1125.544,1181.195,1246.104,1314.259,1384.112,1460.579,1539.965,1640.030,1775.027,1885.882,2110.220,2671.357,4150.107,15500.995,-6096.658,-2020.499,-942.603,-490.058,-269.864,-156.764,-113.158,-87.169,-72.609,-62.229,-53.836,-46.703,-41.407,-37.131,-33.446,-30.112,-23.604,-18.913,-15.089
0.000,0.000,0.000,0.000,0.000,0.000,0.000,0.000,0.000,0.000,0.000,0.000,0.000,1.000,-1528.260,-1356.499,-1527.077,-1655.548,-1697.981,-1775.162,-1861.264,-1889.803,-1887.816,-1860.184,-1831.244,-1785.588,-1684.663,-1533.142,-1146.300,-523.762,-42.568,326.319,649.686,910.962,1075.118,1179.216,1227.712,1275.989,1328.671,1391.990,1460.093,1531.486,1611.587,1696.820,1807.692,1962.485,2092.359,2365.734,3091.914,5288.822,97787.498,-4497.495,-1785.613,-878.176,-466.970,-259.986,-151.883,-109.885,-84.763,-70.660,-60.592,-52.443,-45.510,-40.360,-36.200,-32.614,-29.368,-23.027,-18.455,-14.727
0.000,0.000,0.000,0.000,0.000,0.000,0.000,0.000,0.000,0.000,0.000,0.000,0.000,0.000,1.000,-1189.489,-1541.810,-1723.783,-1763.388,-1851.322,-1929.644,-1939.112,-1921.433,-1878.764,-1840.765,-1786.216,-1670.185,-1501.445,-1077.439,-414.012,87.651,471.094,808.886,1082.422,1253.082,1357.699,1402.242,1444.885,1492.992,1553.348,1620.396,1692.722,1776.309,1867.804,1991.011,2169.390,2322.475,2658.263,3613.204,7091.690,-24544.548,-3598.280,-1604.865,-822.606,-445.788,-250.579,-147.131,-106.670,-82.387,-68.729,-58.967,-51.057,-44.323,-39.317,-35.272,-31.784,-28.625,-22.451,-17.998,-14.365
0.000,0.000,0.000,0.000,0.000,0.000,0.000,0.000,0.000,0.000,0.000,0.000,0.000,0.000,0.000,1.000,-2185.219,-2217.224,-1882.162,-1963.757,-2000.051,-1979.872,-1944.482,-1886.784,-1840.912,-1778.341,-1647.252,-1461.146,-997.181,-286.941,240.902,643.905,1000.743,1290.037,1468.737,1573.185,1611.760,1645.842,1686.710,1741.816,1806.133,1878.366,1965.134,2063.465,2201.284,2408.994,2591.732,3011.066,4305.498,10552.127,-11075.318,-3007.115,-1457.902,-773.160,-425.978,-241.517,-142.475,-103.497,-80.032,-66.812,-57.351,-49.677,-43.140,-38.278,-34.346,-30.955,-27.883,-21.875,-17.540,-14.003
0.000,0.000,0.000,0.000,0.000,0.000,0.000,0.000,0.000,0.000,0.000,0.000,0.000,0.000,0.000,0.000,1.000,-2266.705,-1714.991,-1899.159,-1982.387,-1966.627,-1930.649,-1869.707,-1822.098,-1755.610,-1612.874,-1411.141,-904.648,-136.123,429.734,861.888,1246.027,1557.035,1746.237,1849.086,1878.068,1898.361,1927.246,1973.020,2031.590,2101.812,2191.005,2296.814,2452.511,2698.224,2920.581,3457.739,5298.713,20321.539,-7167.214,-2581.771,-1334.146,-728.305,-407.234,-232.728,-137.894,-100.358,-77.696,-64.906,-55.742,-48.303,-41.960,-37.240,-33.422,-30.128,-27.142,-21.300,-17.083,-13.641
0.000,0.000,0.000,0.000,0.000,0.000,0.000,0.000,0.000,0.000,0.000,0.000,0.000,0.000,0.000,0.000,0.000,1.000,-1408.238,-1810.053,-1972.527,-1958.576,-1919.611,-1852.637,-1801.896,-1729.398,-1569.730,-1346.207,-781.571,63.857,678.435,1147.543,1565.946,1903.292,2103.729,2200.479,2212.966,2210.359,2219.274,2248.958,2296.802,2361.719,2451.651,2565.112,2742.137,3036.218,3310.779,4013.311,6770.364,174197.986,-5342.557,-2266.827,-1229.979,-687.814,-389.571,-224.223,-133.393,-97.255,-75.377,-63.010,-54.140,-46.933,-40.783,-36.205,-32.500,-29.302,-26.402,-20.725,-16.626,-13.279
0.000,0.000,0.000,0.000,0.000,0.000,0.000,0.000,0.000,0.000,0.000,0.000,0.000,0.000,0.000,0.000,0.000,0.000,1.000,-2182.118,-2044.376,-1986.821,-1926.954,-1840.399,-1781.072,-1696.332,-1506.410,-1247.966,-595.161,357.496,1035.630,1552.060,2013.797,2382.529,2593.002,2673.284,2655.566,2612.746,2587.021,2588.541,2616.956,2670.829,2758.355,2879.194,3082.030,3439.182,3784.553,4728.774,9202.159,-27649.822,-4277.246,-2021.970,-1140.270,-650.783,-372.794,-215.956,-128.959,-94.181,-73.073,-61.124,-52.544,-45.566,-39.608,-35.171,-31.578,-28.476,-25.662,-20.150,-16.169,-12.917
0.000,0.000,0.000,0.000,0.000,0.000,0.000,0.000,0.000,0.000,0.000,0.000,0.000,0.000,0.000,0.000,0.000,0.000,0.000,1.000,-2013.363,-1950.988,-1881.376,-1779.798,-1715.154,-1615.519,-1379.426,-1069.100,-277.374,844.364,1622.242,2210.823,2735.170,3143.543,3358.108,3394.953,3314.408,3191.739,3099.131,3046.891,3037.991,3069.226,3147.843,3274.886,3510.728,3956.269,4405.642,5739.412,14313.784,-12788.943,-3558.731,-1820.914,-1060.454,-616.214,-356.660,-207.862,-124.573,-91.130,-70.780,-59.245,-50.952,-44.203,-38.436,-34.139,-30.658,-27.651,-24.923,-19.576,-15.712,-12.556
0.000,0.000,0.000,0.000,0.000,0.000,0.000,0.000,0.000,0.000,0.000,0.000,0.000,0.000,0.000,0.000,0.000,0.000,0.000,0.000,1.000,-1810.364,-1714.075,-1597.755,-1545.395,-1420.248,-1083.963,-693.352,324.863,1681.454,2579.619,3250.820,3841.917,4278.041,4467.779,4400.507,4196.385,3927.339,3718.942,3577.541,3508.522,3503.036,3564.570,3695.015,3968.457,4524.117,5109.952,7016.814,27836.676,-8615.070,-3078.050,-1662.797,-992.229,-584.887,-341.437,-200.025,-120.263,-88.111,-68.505,-57.376,-49.367,-42.844,-37.266,-33.108,-29.739,-26.827,-24.184,-19.001,-15.255,-12.194
0.000,0.000,0.000,0.000,0.000,0.000,0.000,0.000,0.000,0.000,0.000,0.000,0.000,0.000,0.000,0.000,0.000,0.000,0.000,0.000,0.000,1.000,-1566.610,-1477.621,-1447.243,-1287.796,-831.653,-374.461,853.603,2409.293,3402.563,4136.479,4773.617,5215.252,5361.361,5172.058,4838.059,4425.083,4111.029,3893.757,3776.850,3743.823,3793.607,3927.850,4231.181,4874.796,5574.228,8018.305,68762.178,-7004.687,-2785.859,-1549.754,-938.026,-557.854,-327.495,-192.565,-116.065,-85.146,-66.257,-55.524,-47.794,-41.493,-36.102,-32.081,-28.822,-26.005,-23.447,-18.427,-14.798,-11.832
0.000,0.000,0.000,0.000,0.000,0.000,0.000,0.000,0.000,0.000,0.000,0.000,0.000,0.000,0.000,0.000,0.000,0.000,0.000,0.000,0.000,0.000,1.000,-1422.431,-1402.804,-1167.163,-513.182,1.275,1473.578,3236.603,4319.366,5107.825,5777.339,6199.791,6271.759,5916.546,5422.202,4843.333,4416.545,4123.937,3962.635,3905.737,3946.556,4085.769,4417.833,5145.578,5957.584,8996.132,-299174.561,-5995.752,-2555.513,-1452.454,-888.828,-532.364,-314.011,-185.238,-111.907,-82.197,-64.017,-53.677,-46.224,-40.144,-34.939,-31.056,-27.907,-25.183,-22.710,-17.854,-14.342,-11.470
0.000,0.000,0.000,0.000,0.000,0.000,0.000,0.000,0.000,0.000,0.000,0.000,0.000,0.000,0.000,0.000,0.000,0.000,0.000,0.000,0.000,0.000,0.000,1.000,-1365.199,-809.211,272.627,662.160,2420.438,4389.497,5543.006,6364.611,7034.603,7385.416,7322.562,6718.320,6007.862,5223.073,4668.397,4297.126,4093.030,4014.978,4049.340,4195.132,4556.599,5369.655,6299.901,10039.925,-50253.037,-5255.967,-2358.285,-1363.939,-842.463,-507.752,-300.787,-177.985,-107.770,-79.258,-61.783,-51.833,-44.656,-38.796,-33.777,-30.030,-26.991,-24.362,-21.974,-17.280,-13.885,-11.108
0.000,0.000,0.000,0.000,0.000,0.000,0.000,0.000,0.000,0.000,0.000,0.000,0.000,0.000,0.000,0.000,0.000,0.000,0.000,0.000,0.000,0.000,0.000,0.000,1.001,97.579,1449.544,1271.847,3297.845,5447.643,6654.604,7492.106,8139.274,8387.285,8163.111,7290.674,6370.661,5405.497,4753.124,4330.538,4103.840,4018.321,4054.893,4210.939,4599.322,5484.443,6517.749,10956.864,-29312.056,-4708.653,-2190.493,-1283.880,-798.949,-484.050,-287.839,-170.814,-103.657,-76.330,-59.554,-49.993,-43.090,-37.450,-32.615,-29.005,-26.076,-23.541,-21.237,-16.706,-13.429,-10.746
0.000,0.000,0.000,0.000,0.000,0.000,0.000,0.000,0.000,0.000,0.000,0.000,0.000,0.000,0.000,0.000,0.000,0.000,0.000,0.000,0.000,0.000,0.000,0.000,0.000,1.001,2481.683,1454.721,3974.985,6370.882,7641.316,8492.082,9101.911,9218.157,8806.270,7648.432,6530.470,5416.349,4699.150,4252.883,4022.936,3942.706,3989.645,4159.835,4574.364,5523.211,6650.355,11821.367,-21021.958,-4259.957,-2039.026,-1208.592,-757.045,-460.858,-275.042,-163.685,-99.555,-73.407,-57.327,-48.154,-41.524,-36.104,-31.454,-27.981,-25.161,-22.720,-20.500,-16.133,-12.972,-10.384
0.000,0.000,0.000,0.000,0.000,0.000,0.000,0.000,0.000,0.000,0.000,0.000,0.000,0.000,0.000,0.000,0.000,0.000,0.000,0.000,0.000,0.000,0.000,0.000,0.000,0.000,1.001,976.175,4952.822,7710.417,9016.167,9824.611,10309.430,10172.560,9467.594,7926.197,6579.909,5320.495,4557.127,4105.826,3886.305,3820.619,3884.217,4072.234,4514.611,5527.642,6752.341,12799.749,-16197.409,-3862.617,-1896.199,-1135.804,-715.971,-437.922,-262.318,-156.576,-95.459,-70.485,-55.101,-46.315,-39.959,-34.758,-30.293,-26.956,-24.246,-21.898,-19.764,-15.559,-12.515,-10.022
0.000,0.000,0.000,0.000,0.000,0.000,0.000,0.000,0.000,0.000,0.000,0.000,0.000,0.000,0.000,0.000,0.000,0.000,0.000,0.000,0.000,0.000,0.000,0.000,0.000,0.000,0.000,1.001,10168.942,11334.681,12025.282,12327.741,12257.729,11482.018,10234.523,8125.278,6505.774,5109.950,4325.937,3892.265,3698.576,3657.409,3744.352,3954.243,4426.968,5507.064,6837.469,14000.164,-12955.713,-3502.481,-1759.997,-1064.986,-675.569,-415.201,-249.661,-149.486,-91.368,-67.567,-52.877,-44.477,-38.394,-33.412,-29.132,-25.931,-23.331,-21.077,-19.027,-14.985,-12.058,-9.661
0.000,0.000,0.000,0.000,0.000,0.000,0.000,0.000,0.000,0.000,0.000,0.000,0.000,0.000,0.000,0.000,0.000,0.000,0.000,0.000,0.000,0.000,0.000,0.000,0.000,0.000,0.000,0.000,1.001,12160.993,12835.987,12950.210,12597.688,11452.724,9916.650,7562.274,5905.800,4573.621,3881.824,3532.374,3401.518,3405.955,3528.524,3765.763,4267.375,5400.597,6818.328,15150.125,-10777.669,-3186.488,-1632.854,-997.063,-636.204,-392.829,-237.114,-142.431,-87.289,-64.654,-50.655,-42.641,-36.831,-32.067,-27.971,-24.907,-22.416,-20.256,-18.291,-14.412,-11.602,-9.299
0.000,0.000,0.000,0.000,0.000,0.000,0.000,0.000,0.000,0.000,0.000,0.000,0.000,0.000,0.000,0.000,0.000,0.000,0.000,0.000,0.000,0.000,0.000,0.000,0.000,0.000,0.000,0.000,0.000,1.001,13869.290,13389.234,12586.744,11016.508,9226.741,6726.661,5128.301,3942.110,3386.071,3144.385,3088.343,3145.031,3307.685,3575.644,4110.674,5309.258,6839.612,16973.941,-8982.765,-2885.904,-1508.929,-930.263,-597.304,-370.649,-224.648,-135.411,-83.226,-61.751,-48.440,-40.810,-35.271,-30.726,-26.814,-23.885,-21.503,-19.437,-17.555,-13.839,-11.146,-8.937
0.000,0.000,0.000,0.000,0.000,0.000,0.000,0.000,0.000,0.000,0.000,0.000,0.000,0.000,0.000,0.000,0.000,0.000,0.000,0.000,0.000,0.000,0.000,0.000,0.000,0.000,0.000,0.000,0.000,0.000,1.001,12915.715,12007.620,10201.965,8290.466,5781.742,4317.388,3321.243,2914.606,2783.895,2802.453,2910.971,3114.406,3415.626,3992.356,5286.047,6989.773,20632.123,-7441.492,-2596.815,-1387.766,-864.606,-558.961,-348.739,-212.310,-128.451,-79.191,-58.866,-46.238,-38.989,-33.720,-29.391,-25.661,-22.868,-20.594,-18.621,-16.823,-13.268,-10.691,-8.577
0.000,0.000,0.000,0.000,0.000,0.000,0.000,0.000,0.000,0.000,0.000,0.000,0.000,0.000,0.000,0.000,0.000,0.000,0.000,0.000,0.000,0.000,0.000,0.000,0.000,0.000,0.000,0.000,0.000,0.000,0.000,1.002,11333.660,9196.151,7179.612,4739.983,3469.224,2706.325,2464.959,2451.054,2546.055,2707.770,2954.722,3294.384,3927.040,5366.998,7356.581,30026.963,-6117.245,-2318.818,-1269.109,-799.941,-521.092,-327.058,-200.081,-121.543,-75.182,-55.997,-44.047,-37.176,-32.175,-28.061,-24.513,-21.854,-19.688,-17.807,-16.093,-12.699,-10.237,-8.217
0.000,0.000,0.000,0.000,0.000,0.000,0.000,0.000,0.000,0.000,0.000,0.000,0.000,0.000,0.000,0.000,0.000,0.000,0.000,0.000,0.000,0.000,0.000,0.000,0.000,0.000,0.000,0.000,0.000,0.000,0.000,0.000,1.002,7659.526,5682.496,3524.854,2553.934,2097.401,2045.248,2156.926,2331.498,2549.031,2844.380,3231.429,3944.752,5626.323,8138.243,86653.584,-4986.894,-2053.154,-1153.307,-736.395,-483.753,-305.630,-187.972,-114.693,-71.201,-53.146,-41.869,-35.373,-30.638,-26.737,-23.370,-20.844,-18.785,-16.997,-15.365,-12.131,-9.785,-7.858
0.000,0.000,0.000,0.000,0.000,0.000,0.000,0.000,0.000,0.000,0.000,0.000,0.000,0.000,0.000,0.000,0.000,0.000,0.000,0.000,0.000,0.000,0.000,0.000,0.000,0.000,0.000,0.000,0.000,0.000,0.000,0.000,0.000,1.003,3907.716,2342.823,1728.179,1609.518,1739.505,1967.442,2215.387,2487.592,2837.287,3287.754,4132.792,6278.931,9978.722,-49792.331,-4024.502,-1800.992,-1040.955,-674.293,-447.128,-284.555,-176.036,-107.925,-67.261,-50.322,-39.708,-33.584,-29.113,-25.423,-22.234,-19.840,-17.888,-16.191,-14.641,-11.566,-9.334,-7.500
0.000,0.000,0.000,0.000,0.000,0.000,0.000,0.000,0.000,0.000,0.000,0.000,0.000,0.000,0.000,0.000,0.000,0.000,0.000,0.000,0.000,0.000,0.000,0.000,0.000,0.000,0.000,0.000,0.000,0.000,0.000,0.000,0.000,0.000,1.003,1631.576,1217.631,1372.103,1636.331,1954.333,2263.289,2588.892,3005.533,3552.902,4642.909,7857.603,15438.909,-15539.234,-3226.917,-1566.522,-933.400,-614.169,-411.447,-263.929,-164.310,-101.255,-63.368,-47.527,-37.569,-31.812,-27.600,-24.119,-21.106,-18.844,-16.997,-15.390,-13.921,-11.004,-8.886,-7.144
0.000,0.000,0.000,0.000,0.000,0.000,0.000,0.000,0.000,0.000,0.000,0.000,0.000,0.000,0.000,0.000,0.000,0.000,0.000,0.000,0.000,0.000,0.000,0.000,0.000,0.000,0.000,0.000,0.000,0.000,0.000,0.000,0.000,0.000,0.000,1.004,755.663,1372.909,1759.273,2159.604,2526.658,2913.848,3428.318,4146.028,5755.389,12248.288,61175.210,-8203.870,-2589.469,-1353.856,-831.693,-556.237,-376.691,-243.685,-152.742,-94.654,-59.506,-44.752,-35.442,-30.048,-26.094,-22.821,-19.984,-17.851,-16.109,-14.591,-13.204,-10.444,-8.438,-6.789
0.000,0.000,0.000,0.000,0.000,0.000,0.000,0.000,0.000,0.000,0.000,0.000,0.000,0.000,0.000,0.000,0.000,0.000,0.000,0.000,0.000,0.000,0.000,0.000,0.000,0.000,0.000,0.000,0.000,0.000,0.000,0.000,0.000,0.000,0.000,0.000,1.004,1804.627,2203.843,2639.620,3042.724,3494.684,4153.427,5177.797,7981.909,34272.033,-25608.021,-5322.978,-2109.592,-1170.777,-739.044,-501.872,-343.442,-224.044,-141.410,-88.146,-55.683,-42.000,-33.331,-28.297,-24.598,-21.530,-18.867,-16.863,-15.225,-13.797,-12.490,-9.885,-7.992,-6.434
0.000,0.000,0.000,0.000,0.000,0.000,0.000,0.000,0.000,0.000,0.000,0.000,0.000,0.000,0.000,0.000,0.000,0.000,0.000,0.000,0.000,0.000,0.000,0.000,0.000,0.000,0.000,0.000,0.000,0.000,0.000,0.000,0.000,0.000,0.000,0.000,0.000,1.005,2809.355,3251.277,3672.977,4209.385,5103.614,6710.367,12804.564,-39950.236,-10236.170,-3833.849,-1739.410,-1011.334,-653.680,-450.241,-311.251,-204.771,-130.194,-81.673,-51.871,-39.253,-31.222,-26.547,-23.103,-20.240,-17.751,-15.876,-14.341,-13.002,-11.776,-9.327,-7.547,-6.080
0.000,0.000,0.000,0.000,0.000,0.000,0.000,0.000,0.000,0.000,0.000,0.000,0.000,0.000,0.000,0.000,0.000,0.000,0.000,0.000,0.000,0.000,0.000,0.000,0.000,0.000,0.000,0.000,0.000,0.000,0.000,0.000,0.000,0.000,0.000,0.000,0.000,0.000,1.007,3715.515,4189.542,4878.361,6172.770,8920.277,29160.788,-12557.925,-6310.631,-2938.408,-1451.172,-874.612,-576.791,-402.386,-280.817,-186.266,-119.304,-75.339,-48.121,-36.543,-29.139,-24.816,-21.623,-18.963,-16.645,-14.897,-13.464,-12.214,-11.067,-8.773,-7.103,-5.728
0.000,0.000,0.000,0.000,0.000,0.000,0.000,0.000,0.000,0.000,0.000,0.000,0.000,0.000,0.000,0.000,0.000,0.000,0.000,0.000,0.000,0.000,0.000,0.000,0.000,0.000,0.000,0.000,0.000,0.000,0.000,0.000,0.000,0.000,0.000,0.000,0.000,0.000,0.000,1.008,4815.484,5810.794,7957.986,14088.945,-60750.086,-6927.388,-4336.820,-2292.888,-1208.456,-752.115,-505.637,-357.245,-251.720,-168.383,-108.696,-69.132,-44.431,-33.872,-27.082,-23.105,-20.159,-17.698,-15.549,-13.926,-12.595,-11.432,-10.364,-8.221,-6.663,-5.377
0.000,0.000,0.000,0.000,0.000,0.000,0.000,0.000,0.000,0.000,0.000,0.000,0.000,0.000,0.000,0.000,0.000,0.000,0.000,0.000,0.000,0.000,0.000,0.000,0.000,0.000,0.000,0.000,0.000,0.000,0.000,0.000,0.000,0.000,0.000,0.000,0.000,0.000,0.000,0.000,1.011,7305.052,11649.748,40723.826,-13209.436,-4521.616,-3164.533,-1813.061,-1005.065,-643.824,-440.799,-315.312,-224.298,-151.323,-98.477,-63.108,-40.829,-31.256,-25.063,-21.424,-18.718,-16.452,-14.468,-12.968,-11.737,-10.659,-9.668,-7.676,-6.226,-5.030
0.000,0.000,0.000,0.000,0.000,0.000,0.000,0.000,0.000,0.000,0.000,0.000,0.000,0.000,0.000,0.000,0.000,0.000,0.000,0.000,0.000,0.000,0.000,0.000,0.000,0.000,0.000,0.000,0.000,0.000,0.000,0.000,0.000,0.000,0.000,0.000,0.000,0.000,0.000,0.000,0.000,1.013,24829.457,-32031.068,-6713.540,-3159.401,-2374.164,-1437.318,-831.080,-547.209,-381.475,-276.298,-198.456,-135.066,-88.649,-57.272,-37.319,-28.700,-23.085,-19.774,-17.304,-15.227,-13.404,-12.025,-10.891,-9.896,-8.982,-7.137,-5.794,-4.685
0.000,0.000,0.000,0.000,0.000,0.000,0.000,0.000,0.000,0.000,0.000,0.000,0.000,0.000,0.000,0.000,0.000,0.000,0.000,0.000,0.000,0.000,0.000,0.000,0.000,0.000,0.000,0.000,0.000,0.000,0.000,0.000,0.000,0.000,0.000,0.000,0.000,0.000,0.000,0.000,0.000,0.000,1.017,-9103.881,-4034.304,-2264.428,-1795.905,-1131.873,-680.387,-460.749,-327.238,-240.091,-174.181,-119.632,-79.235,-51.641,-33.912,-26.210,-21.155,-18.161,-15.918,-14.025,-12.360,-11.098,-10.058,-9.146,-8.305,-6.605,-5.368,-4.345
0.000,0.000,0.000,0.000,0.000,0.000,0.000,0.000,0.000,0.000,0.000,0.000,0.000,0.000,0.000,0.000,0.000,0.000,0.000,0.000,0.000,0.000,0.000,0.000,0.000,0.000,0.000,0.000,0.000,0.000,0.000,0.000,0.000,0.000,0.000,0.000,0.000,0.000,0.000,0.000,0.000,0.000,0.000,1.022,-2755.839,-1687.789,-1386.393,-891.247,-554.507,-386.012,-279.153,-207.376,-151.899,-105.261,-70.362,-46.280,-30.642,-23.809,-19.286,-16.596,-14.571,-12.856,-11.342,-10.193,-9.245,-8.412,-7.643,-6.083,-4.948,-4.010
0.000,0.000,0.000,0.000,0.000,0.000,0.000,0.000,0.000,0.000,0.000,0.000,0.000,0.000,0.000,0.000,0.000,0.000,0.000,0.000,0.000,0.000,0.000,0.000,0.000,0.000,0.000,0.000,0.000,0.000,0.000,0.000,0.000,0.000,0.000,0.000,0.000,0.000,0.000,0.000,0.000,0.000,0.000,0.000,1.029,-1224.304,-1038.090,-680.032,-444.076,-319.525,-235.676,-177.381,-131.223,-91.780,-61.962,-41.162,-27.498,-21.491,-17.477,-15.077,-13.262,-11.717,-10.349,-9.309,-8.450,-7.693,-6.994,-5.571,-4.536,-3.680
0.000,0.000,0.000,0.000,0.000,0.000,0.000,0.000,0.000,0.000,0.000,0.000,0.000,0.000,0.000,0.000,0.000,0.000,0.000,0.000,0.000,0.000,0.000,0.000,0.000,0.000,0.000,0.000,0.000,0.000,0.000,0.000,0.000,0.000,0.000,0.000,0.000,0.000,0.000,0.000,0.000,0.000,0.000,0.000,0.000,1.038,-737.077,-518.966,-360.500,-267.060,-199.905,-151.881,-113.163,-79.725,-54.306,-36.425,-24.550,-19.303,-15.758,-13.630,-12.010,-10.625,-9.394,-8.458,-7.683,-6.999,-6.367,-5.073,-4.134,-3.358
0.000,0.000,0.000,0.000,0.000,0.000,0.000,0.000,0.000,0.000,0.000,0.000,0.000,0.000,0.000,0.000,0.000,0.000,0.000,0.000,0.000,0.000,0.000,0.000,0.000,0.000,0.000,0.000,0.000,0.000,0.000,0.000,0.000,0.000,0.000,0.000,0.000,0.000,0.000,0.000,0.000,0.000,0.000,0.000,0.000,0.000,1.043,-464.093,-318.100,-234.111,-174.252,-132.054,-98.310,-69.385,-47.540,-32.142,-21.838,-17.269,-14.150,-12.268,-10.828,-9.590,-8.487,-7.646,-6.949,-6.334,-5.764,-4.594,-3.746,-3.046
0.000,0.000,0.000,0.000,0.000,0.000,0.000,0.000,0.000,0.000,0.000,0.000,0.000,0.000,0.000,0.000,0.000,0.000,0.000,0.000,0.000,0.000,0.000,0.000,0.000,0.000,0.000,0.000,0.000,0.000,0.000,0.000,0.000,0.000,0.000,0.000,0.000,0.000,0.000,0.000,0.000,0.000,0.000,0.000,0.000,0.000,0.000,1.056,-250.507,-186.683,-140.307,-107.499,-80.926,-57.880,-40.293,-27.671,-19.050,-15.192,-12.514,-10.887,-9.632,-8.545,-7.572,-6.829,-6.212,-5.667,-5.160,-4.114,-3.359,-2.735
0.000,0.000,0.000,0.000,0.000,0.000,0.000,0.000,0.000,0.000,0.000,0.000,0.000,0.000,0.000,0.000,0.000,0.000,0.000,0.000,0.000,0.000,0.000,0.000,0.000,0.000,0.000,0.000,0.000,0.000,0.000,0.000,0.000,0.000,0.000,0.000,0.000,0.000,0.000,0.000,0.000,0.000,0.000,0.000,0.000,0.000,0.000,0.000,1.076,-141.243,-108.723,-85.068,-65.219,-47.543,-33.768,-23.610,-16.490,-13.270,-10.990,-9.595,-8.507,-7.559,-6.706,-6.054,-5.512,-5.031,-4.583,-3.654,-2.986,-2.435
0.000,0.000,0.000,0.000,0.000,0.000,0.000,0.000,0.000,0.000,0.000,0.000,0.000,0.000,0.000,0.000,0.000,0.000,0.000,0.000,0.000,0.000,0.000,0.000,0.000,0.000,0.000,0.000,0.000,0.000,0.000,0.000,0.000,0.000,0.000,0.000,0.000,0.000,0.000,0.000,0.000,0.000,0.000,0.000,0.000,0.000,0.000,0.000,0.000,1.097,-86.582,-68.728,-53.385,-39.500,-28.520,-20.232,-14.292,-11.591,-9.640,-8.439,-7.494,-6.665,-5.915,-5.343,-4.866,-4.443,-4.048,-3.225,-2.637,-2.152
0.000,0.000,0.000,0.000,0.000,0.000,0.000,0.000,0.000,0.000,0.000,0.000,0.000,0.000,0.000,0.000,0.000,0.000,0.000,0.000,0.000,0.000,0.000,0.000,0.000,0.000,0.000,0.000,0.000,0.000,0.000,0.000,0.000,0.000,0.000,0.000,0.000,0.000,0.000,0.000,0.000,0.000,0.000,0.000,0.000,0.000,0.000,0.000,0.000,0.000,1.121,-55.689,-43.862,-32.933,-24.131,-17.325,-12.352,-10.086,-8.415,-7.382,-6.562,-5.837,-5.180,-4.679,-4.262,-3.891,-3.545,-2.819,-2.305,-1.884
0.000,0.000,0.000,0.000,0.000,0.000,0.000,0.000,0.000,0.000,0.000,0.000,0.000,0.000,0.000,0.000,0.000,0.000,0.000,0.000,0.000,0.000,0.000,0.000,0.000,0.000,0.000,0.000,0.000,0.000,0.000,0.000,0.000,0.000,0.000,0.000,0.000,0.000,0.000,0.000,0.000,0.000,0.000,0.000,0.000,0.000,0.000,0.000,0.000,0.000,0.000,1.148,-36.476,-27.659,-20.463,-14.804,-10.618,-8.719,-7.290,-6.403,-5.694,-5.063,-4.490,-4.054,-3.692,-3.370,-3.069,-2.435,-1.991,-1.629
0.000,0.000,0.000,0.000,0.000,0.000,0.000,0.000,0.000,0.000,0.000,0.000,0.000,0.000,0.000,0.000,0.000,0.000,0.000,0.000,0.000,0.000,0.000,0.000,0.000,0.000,0.000,0.000,0.000,0.000,0.000,0.000,0.000,0.000,0.000,0.000,0.000,0.000,0.000,0.000,0.000,0.000,0.000,0.000,0.000,0.000,0.000,0.000,0.000,0.000,0.000,0.000,1.182,-23.020,-17.123,-12.453,-8.976,-7.416,-6.209,-5.460,-4.856,-4.315,-3.822,-3.451,-3.142,-2.867,-2.611,-2.065,-1.690,-1.385
0.000,0.000,0.000,0.000,0.000,0.000,0.000,0.000,0.000,0.000,0.000,0.000,0.000,0.000,0.000,0.000,0.000,0.000,0.000,0.000,0.000,0.000,0.000,0.000,0.000,0.000,0.000,0.000,0.000,0.000,0.000,0.000,0.000,0.000,0.000,0.000,0.000,0.000,0.000,0.000,0.000,0.000,0.000,0.000,0.000,0.000,0.000,0.000,0.000,0.000,0.000,0.000,0.000,1.230,-13.840,-10.154,-7.375,-6.144,-5.152,-4.539,-4.038,-3.586,-3.174,-2.866,-2.610,-2.383,-2.170,-1.712,-1.403,-1.154
0.000,0.000,0.000,0.000,0.000,0.000,0.000,0.000,0.000,0.000,0.000,0.000,0.000,0.000,0.000,0.000,0.000,0.000,0.000,0.000,0.000,0.000,0.000,0.000,0.000,0.000,0.000,0.000,0.000,0.000,0.000,0.000,0.000,0.000,0.000,0.000,0.000,0.000,0.000,0.000,0.000,0.000,0.000,0.000,0.000,0.000,0.000,0.000,0.000,0.000,0.000,0.000,0.000,0.000,1.294,-8.067,-5.908,-4.967,-4.166,-3.677,-3.272,-2.905,-2.570,-2.323,-2.118,-1.936,-1.765,-1.390,-1.143,-0.944
0.000,0.000,0.000,0.000,0.000,0.000,0.000,0.000,0.000,0.000,0.000,0.000,0.000,0.000,0.000,0.000,0.000,0.000,0.000,0.000,0.000,0.000,0.000,0.000,0.000,0.000,0.000,0.000,0.000,0.000,0.000,0.000,0.000,0.000,0.000,0.000,0.000,0.000,0.000,0.000,0.000,0.000,0.000,0.000,0.000,0.000,0.000,0.000,0.000,0.000,0.000,0.000,0.000,0.000,0.000,1.376,-4.607,-3.904,-3.265,-2.893,-2.579,-2.291,-2.030,-1.841,-1.685,-1.544,-1.411,-1.110,-0.918,-0.764
0.000,0.000,0.000,0.000,0.000,0.000,0.000,0.000,0.000,0.000,0.000,0.000,0.000,0.000,0.000,0.000,0.000,0.000,0.000,0.000,0.000,0.000,0.000,0.000,0.000,0.000,0.000,0.000,0.000,0.000,0.000,0.000,0.000,0.000,0.000,0.000,0.000,0.000,0.000,0.000,0.000,0.000,0.000,0.000,0.000,0.000,0.000,0.000,0.000,0.000,0.000,0.000,0.000,0.000,0.000,0.000,1.475,-2.908,-2.464,-2.221,-1.998,-1.787,-1.594,-1.457,-1.341,-1.235,-1.133,-0.891,-0.743,-0.623
0.000,0.000,0.000,0.000,0.000,0.000,0.000,0.000,0.000,0.000,0.000,0.000,0.000,0.000,0.000,0.000,0.000,0.000,0.000,0.000,0.000,0.000,0.000,0.000,0.000,0.000,0.000,0.000,0.000,0.000,0.000,0.000,0.000,0.000,0.000,0.000,0.000,0.000,0.000,0.000,0.000,0.000,0.000,0.000,0.000,0.000,0.000,0.000,0.000,0.000,0.000,0.000,0.000,0.000,0.000,0.000,0.000,1.540,-2.080,-1.884,-1.690,-1.509,-1.346,-1.233,-1.138,-1.049,-0.963,-0.751,-0.628,-0.528
0.000,0.000,0.000,0.000,0.000,0.000,0.000,0.000,0.000,0.000,0.000,0.000,0.000,0.000,0.000,0.000,0.000,0.000,0.000,0.000,0.000,0.000,0.000,0.000,0.000,0.000,0.000,0.000,0.000,0.000,0.000,0.000,0.000,0.000,0.000,0.000,0.000,0.000,0.000,0.000,0.000,0.000,0.000,0.000,0.000,0.000,0.000,0.000,0.000,0.000,0.000,0.000,0.000,0.000,0.000,0.000,0.000,0.000,1.603,-1.582,-1.424,-1.278,-1.146,-1.057,-0.978,-0.904,-0.830,-0.641,-0.538,-0.454
0.000,0.000,0.000,0.000,0.000,0.000,0.000,0.000,0.000,0.000,0.000,0.000,0.000,0.000,0.000,0.000,0.000,0.000,0.000,0.000,0.000,0.000,0.000,0.000,0.000,0.000,0.000,0.000,0.000,0.000,0.000,0.000,0.000,0.000,0.000,0.000,0.000,0.000,0.000,0.000,0.000,0.000,0.000,0.000,0.000,0.000,0.000,0.000,0.000,0.000,0.000,0.000,0.000,0.000,0.000,0.000,0.000,0.000,0.000,1.644,-1.276,-1.145,-1.025,-0.947,-0.876,-0.807,-0.739,-0.562,-0.472,-0.398
0.000,0.000,0.000,0.000,0.000,0.000,0.000,0.000,0.000,0.000,0.000,0.000,0.000,0.000,0.000,0.000,0.000,0.000,0.000,0.000,0.000,0.000,0.000,0.000,0.000,0.000,0.000,0.000,0.000,0.000,0.000,0.000,0.000,0.000,0.000,0.000,0.000,0.000,0.000,0.000,0.000,0.000,0.000,0.000,0.000,0.000,0.000,0.000,0.000,0.000,0.000,0.000,0.000,0.000,0.000,0.000,0.000,0.000,0.000,0.000,1.684,-1.027,-0.919,-0.850,-0.784,-0.720,-0.656,-0.491,-0.413,-0.348
0.000,0.000,0.000,0.000,0.000,0.000,0.000,0.000,0.000,0.000,0.000,0.000,0.000,0.000,0.000,0.000,0.000,0.000,0.000,0.000,0.000,0.000,0.000,0.000,0.000,0.000,0.000,0.000,0.000,0.000,0.000,0.000,0.000,0.000,0.000,0.000,0.000,0.000,0.000,0.000,0.000,0.000,0.000,0.000,0.000,0.000,0.000,0.000,0.000,0.000,0.000,0.000,0.000,0.000,0.000,0.000,0.000,0.000,0.000,0.000,0.000,1.724,-0.820,-0.759,-0.698,-0.638,-0.580,-0.427,-0.361,-0.305
0.000,0.000,0.000,0.000,0.000,0.000,0.000,0.000,0.000,0.000,0.000,0.000,0.000,0.000,0.000,0.000,0.000,0.000,0.000,0.000,0.000,0.000,0.000,0.000,0.000,0.000,0.000,0.000,0.000,0.000,0.000,0.000,0.000,0.000,0.000,0.000,0.000,0.000,0.000,0.000,0.000,0.000,0.000,0.000,0.000,0.000,0.000,0.000,0.000,0.000,0.000,0.000,0.000,0.000,0.000,0.000,0.000,0.000,0.000,0.000,0.000,0.000,1.762,-0.670,-0.616,-0.564,-0.512,-0.373,-0.318,-0.268
0.000,0.000,0.000,0.000,0.000,0.000,0.000,0.000,0.000,0.000,0.000,0.000,0.000,0.000,0.000,0.000,0.000,0.000,0.000,0.000,0.000,0.000,0.000,0.000,0.000,0.000,0.000,0.000,0.000,0.000,0.000,0.000,0.000,0.000,0.000,0.000,0.000,0.000,0.000,0.000,0.000,0.000,0.000,0.000,0.000,0.000,0.000,0.000,0.000,0.000,0.000,0.000,0.000,0.000,0.000,0.000,0.000,0.000,0.000,0.000,0.000,0.000,0.000,1.789,-0.563,-0.514,-0.466,-0.335,-0.286,-0.239
0.000,0.000,0.000,0.000,0.000,0.000,0.000,0.000,0.000,0.000,0.000,0.000,0.000,0.000,0.000,0.000,0.000,0.000,0.000,0.000,0.000,0.000,0.000,0.000,0.000,0.000,0.000,0.000,0.000,0.000,0.000,0.000,0.000,0.000,0.000,0.000,0.000,0.000,0.000,0.000,0.000,0.000,0.000,0.000,0.000,0.000,0.000,0.000,0.000,0.000,0.000,0.000,0.000,0.000,0.000,0.000,0.000,0.000,0.000,0.000,0.000,0.000,0.000,0.000,1.815,-0.469,-0.423,-0.301,-0.257,-0.212
0.000,0.000,0.000,0.000,0.000,0.000,0.000,0.000,0.000,0.000,0.000,0.000,0.000,0.000,0.000,0.000,0.000,0.000,0.000,0.000,0.000,0.000,0.000,0.000,0.000,0.000,0.000,0.000,0.000,0.000,0.000,0.000,0.000,0.000,0.000,0.000,0.000,0.000,0.000,0.000,0.000,0.000,0.000,0.000,0.000,0.000,0.000,0.000,0.000,0.000,0.000,0.000,0.000,0.000,0.000,0.000,0.000,0.000,0.000,0.000,0.000,0.000,0.000,0.000,0.000,1.840,-0.383,-0.271,-0.230,-0.185
0.000,0.000,0.000,0.000,0.000,0.000,0.000,0.000,0.000,0.000,0.000,0.000,0.000,0.000,0.000,0.000,0.000,0.000,0.000,0.000,0.000,0.000,0.000,0.000,0.000,0.000,0.000,0.000,0.000,0.000,0.000,0.000,0.000,0.000,0.000,0.000,0.000,0.000,0.000,0.000,0.000,0.000,0.000,0.000,0.000,0.000,0.000,0.000,0.000,0.000,0.000,0.000,0.000,0.000,0.000,0.000,0.000,0.000,0.000,0.000,0.000,0.000,0.000,0.000,0.000,0.000,1.865,-0.245,-0.202,-0.153
0.000,0.000,0.000,0.000,0.000,0.000,0.000,0.000,0.000,0.000,0.000,0.000,0.000,0.000,0.000,0.000,0.000,0.000,0.000,0.000,0.000,0.000,0.000,0.000,0.000,0.000,0.000,0.000,0.000,0.000,0.000,0.000,0.000,0.000,0.000,0.000,0.000,0.000,0.000,0.000,0.000,0.000,0.000,0.000,0.000,0.000,0.000,0.000,0.000,0.000,0.000,0.000,0.000,0.000,0.000,0.000,0.000,0.000,0.000,0.000,0.000,0.000,0.000,0.000,0.000,0.000,0.000,1.930,-0.121,-0.087
0.000,0.000,0.000,0.000,0.000,0.000,0.000,0.000,0.000,0.000,0.000,0.000,0.000,0.000,0.000,0.000,0.000,0.000,0.000,0.000,0.000,0.000,0.000,0.000,0.000,0.000,0.000,0.000,0.000,0.000,0.000,0.000,0.000,0.000,0.000,0.000,0.000,0.000,0.000,0.000,0.000,0.000,0.000,0.000,0.000,0.000,0.000,0.000,0.000,0.000,0.000,0.000,0.000,0.000,0.000,0.000,0.000,0.000,0.000,0.000,0.000,0.000,0.000,0.000,0.000,0.000,0.000,0.000,1.959,-0.061
0.000,0.000,0.000,0.000,0.000,0.000,0.000,0.000,0.000,0.000,0.000,0.000,0.000,0.000,0.000,0.000,0.000,0.000,0.000,0.000,0.000,0.000,0.000,0.000,0.000,0.000,0.000,0.000,0.000,0.000,0.000,0.000,0.000,0.000,0.000,0.000,0.000,0.000,0.000,0.000,0.000,0.000,0.000,0.000,0.000,0.000,0.000,0.000,0.000,0.000,0.000,0.000,0.000,0.000,0.000,0.000,0.000,0.000,0.000,0.000,0.000,0.000,0.000,0.000,0.000,0.000,0.000,0.000,0.000,1.983
