300.000,300.000,300.000,300.000,300.000,300.000,300.000,300.000,300.000,300.000,300.000,300.000,300.000,300.000,300.000,300.000,300.000,300.000,300.000,300.000,300.000,300.000,300.000,300.000,300.000,300.000,300.000,300.000,300.000,300.000,300.000,300.000,300.000,300.000,300.000,300.000,300.000,300.000,300.000,300.000,300.000,300.000,300.000,300.000,300.000,300.000,300.000,300.000,300.000,300.000,300.000,0.076,0.082,0.078,0.072,0.058,0.028,300.000,300.000,300.000,300.000,300.000,300.000,300.000,300.000,300.000,300.000,300.000,300.000,300.000
300.000,300.000,300.000,300.000,300.000,300.000,300.000,300.000,300.000,300.000,300.000,300.000,300.000,300.000,300.000,300.000,300.000,300.000,300.000,300.000,300.000,300.000,300.000,300.000,300.000,300.000,300.000,300.000,300.000,300.000,300.000,300.000,300.000,300.000,300.000,300.000,300.000,300.000,300.000,300.000,300.000,300.000,300.000,300.000,300.000,300.000,300.000,300.000,300.000,300.000,300.000,0.075,0.075,0.071,0.065,0.050,300.000,300.000,300.000,300.000,300.000,300.000,300.000,300.000,300.000,300.000,300.000,300.000,300.000,300.000
300.000,300.000,300.000,300.000,300.000,300.000,300.000,300.000,300.000,300.000,300.000,300.000,300.000,300.000,300.000,300.000,300.000,300.000,300.000,300.000,300.000,300.000,300.000,300.000,300.000,300.000,300.000,300.000,300.000,300.000,300.000,300.000,300.000,300.000,300.000,300.000,300.000,300.000,300.000,300.000,300.000,300.000,300.000,300.000,300.000,300.000,300.000,300.000,300.000,300.000,0.012,0.069,0.067,0.064,0.056,0.039,300.000,300.000,300.000,300.000,300.000,300.000,300.000,300.000,300.000,300.000,300.000,300.000,300.000,300.000
300.000,300.000,300.000,300.000,300.000,300.000,300.000,300.000,300.000,300.000,300.000,300.000,300.000,300.000,300.000,300.000,300.000,300.000,300.000,300.000,300.000,300.000,300.000,300.000,300.000,300.000,300.000,300.000,300.000,300.000,300.000,300.000,300.000,300.000,300.000,300.000,300.000,300.000,300.000,300.000,300.000,300.000,300.000,300.000,300.000,300.000,300.000,300.000,300.000,300.000,0.058,0.059,0.056,0.052,0.043,0.015,300.000,300.000,300.000,300.000,300.000,300.000,300.000,300.000,300.000,300.000,300.000,300.000,300.000,300.000
300.000,300.000,300.000,300.000,300.000,300.000,300.000,300.000,300.000,300.000,300.000,300.000,300.000,300.000,300.000,300.000,300.000,300.000,300.000,300.000,300.000,300.000,300.000,300.000,300.000,300.000,300.000,300.000,300.000,300.000,300.000,300.000,300.000,300.000,300.000,300.000,300.000,300.000,300.000,300.000,300.000,300.000,300.000,300.000,300.000,300.000,300.000,300.000,300.000,0.042,0.046,0.044,0.041,0.036,0.020,300.000,300.000,300.000,300.000,300.000,300.000,300.000,300.000,300.000,300.000,300.000,300.000,300.000,300.000,300.000
300.000,300.000,300.000,300.000,300.000,300.000,300.000,300.000,300.000,300.000,300.000,300.000,300.000,300.000,300.000,300.000,300.000,300.000,300.000,300.000,300.000,300.000,300.000,300.000,300.000,300.000,300.000,300.000,300.000,300.000,300.000,300.000,300.000,300.000,300.000,300.000,300.000,300.000,300.000,300.000,300.000,300.000,300.000,300.000,300.000,300.000,300.000,0.004,0.027,0.028,0.026,0.023,0.018,300.000,300.000,300.000,300.000,300.000,300.000,300.000,300.000,300.000,300.000,300.000,300.000,300.000,300.000,300.000,300.000,300.000
300.000,300.000,300.000,300.000,300.000,300.000,300.000,300.000,300.000,300.000,300.000,300.000,300.000,300.000,300.000,300.000,300.000,300.000,300.000,300.000,300.000,300.000,300.000,300.000,300.000,300.000,300.000,300.000,300.000,300.000,300.000,300.000,300.000,300.000,300.000,300.000,300.000,300.000,300.000,300.000,300.000,300.000,300.000,300.000,300.000,300.000,300.000,0.017,0.023,0.023,0.020,0.016,0.006,300.000,300.000,300.000,300.000,300.000,300.000,300.000,300.000,300.000,300.000,300.000,300.000,300.000,300.000,300.000,300.000,300.000
300.000,300.000,300.000,300.000,300.000,300.000,300.000,300.000,300.000,300.000,300.000,300.000,300.000,300.000,300.000,300.000,300.000,300.000,300.000,300.000,300.000,300.000,300.000,300.000,300.000,300.000,300.000,300.000,300.000,300.000,300.000,300.000,300.000,300.000,300.000,300.000,300.000,300.000,300.000,300.000,300.000,300.000,300.000,300.000,300.000,300.000,0.001,0.018,0.021,0.020,0.017,0.011,300.000,300.000,300.000,300.000,300.000,300.000,300.000,300.000,300.000,300.000,300.000,300.000,300.000,300.000,300.000,300.000,300.000,300.000
300.000,300.000,300.000,300.000,300.000,300.000,300.000,300.000,300.000,300.000,300.000,300.000,300.000,300.000,300.000,300.000,300.000,300.000,300.000,300.000,300.000,300.000,300.000,300.000,300.000,300.000,300.000,300.000,300.000,300.000,300.000,300.000,300.000,300.000,300.000,300.000,300.000,300.000,300.000,300.000,300.000,300.000,300.000,300.000,300.000,300.000,0.008,0.017,0.019,0.018,0.014,0.007,300.000,300.000,300.000,300.000,300.000,300.000,300.000,300.000,300.000,300.000,300.000,300.000,300.000,300.000,300.000,300.000,300.000,300.000
300.000,300.000,300.000,300.000,300.000,300.000,300.000,300.000,300.000,300.000,300.000,300.000,300.000,300.000,300.000,300.000,300.000,300.000,300.000,300.000,300.000,300.000,300.000,300.000,300.000,300.000,300.000,300.000,300.000,300.000,300.000,300.000,300.000,300.000,300.000,300.000,300.000,300.000,300.000,300.000,300.000,300.000,300.000,300.000,300.000,300.000,0.010,0.016,0.017,0.016,0.012,0.003,300.000,300.000,300.000,300.000,300.000,300.000,300.000,300.000,300.000,300.000,300.000,300.000,300.000,300.000,300.000,300.000,300.000,300.000
300.000,300.000,300.000,300.000,300.000,300.000,300.000,300.000,300.000,300.000,300.000,300.000,300.000,300.000,300.000,300.000,300.000,300.000,300.000,300.000,300.000,300.000,300.000,300.000,300.000,300.000,300.000,300.000,300.000,300.000,300.000,300.000,300.000,300.000,300.000,300.000,300.000,300.000,300.000,300.000,300.000,300.000,300.000,300.000,300.000,0.001,0.011,0.015,0.016,0.014,0.009,300.000,300.000,300.000,300.000,300.000,300.000,300.000,300.000,300.000,300.000,300.000,300.000,300.000,300.000,300.000,300.000,300.000,300.000,300.000
300.000,300.000,300.000,300.000,300.000,300.000,300.000,300.000,300.000,300.000,300.000,300.000,300.000,300.000,300.000,300.000,300.000,300.000,300.000,300.000,300.000,300.000,300.000,300.000,300.000,300.000,300.000,300.000,300.000,300.000,300.000,300.000,300.000,300.000,300.000,300.000,300.000,300.000,300.000,300.000,300.000,300.000,300.000,300.000,300.000,0.004,0.011,0.015,0.015,0.012,0.007,300.000,300.000,300.000,300.000,300.000,300.000,300.000,300.000,300.000,300.000,300.000,300.000,300.000,300.000,300.000,300.000,300.000,300.000,300.000
300.000,300.000,300.000,300.000,300.000,300.000,300.000,300.000,300.000,300.000,300.000,300.000,300.000,300.000,300.000,300.000,300.000,300.000,300.000,300.000,300.000,300.000,300.000,300.000,300.000,300.000,300.000,300.000,300.000,300.000,300.000,300.000,300.000,300.000,300.000,300.000,300.000,300.000,300.000,300.000,300.000,300.000,300.000,300.000,300.000,0.006,0.011,0.014,0.013,0.011,0.004,300.000,300.000,300.000,300.000,300.000,300.000,300.000,300.000,300.000,300.000,300.000,300.000,300.000,300.000,300.000,300.000,300.000,300.000,300.000
300.000,300.000,300.000,300.000,300.000,300.000,300.000,300.000,300.000,300.000,300.000,300.000,300.000,300.000,300.000,300.000,300.000,300.000,300.000,300.000,300.000,300.000,300.000,300.000,300.000,300.000,300.000,300.000,300.000,300.000,300.000,300.000,300.000,300.000,300.000,300.000,300.000,300.000,300.000,300.000,300.000,300.000,300.000,300.000,300.000,0.007,0.011,0.013,0.012,0.009,0.001,300.000,300.000,300.000,300.000,300.000,300.000,300.000,300.000,300.000,300.000,300.000,300.000,300.000,300.000,300.000,300.000,300.000,300.000,300.000
300.000,300.000,300.000,300.000,300.000,300.000,300.000,300.000,300.000,300.000,300.000,300.000,300.000,300.000,300.000,300.000,300.000,300.000,300.000,300.000,300.000,300.000,300.000,300.000,300.000,300.000,300.000,300.000,300.000,300.000,300.000,300.000,300.000,300.000,300.000,300.000,300.000,300.000,300.000,300.000,300.000,300.000,300.000,300.000,300.000,0.008,0.011,0.012,0.011,0.007,300.000,300.000,300.000,300.000,300.000,300.000,300.000,300.000,300.000,300.000,300.000,300.000,300.000,300.000,300.000,300.000,300.000,300.000,300.000,300.000
300.000,300.000,300.000,300.000,300.000,300.000,300.000,300.000,300.000,300.000,300.000,300.000,300.000,300.000,300.000,300.000,300.000,300.000,300.000,300.000,300.000,300.000,300.000,300.000,300.000,300.000,300.000,300.000,300.000,300.000,300.000,300.000,300.000,300.000,300.000,300.000,300.000,300.000,300.000,300.000,300.000,300.000,300.000,300.000,0.002,0.008,0.010,0.011,0.010,0.005,300.000,300.000,300.000,300.000,300.000,300.000,300.000,300.000,300.000,300.000,300.000,300.000,300.000,300.000,300.000,300.000,300.000,300.000,300.000,300.000
300.000,300.000,300.000,300.000,300.000,300.000,300.000,300.000,300.000,300.000,300.000,300.000,300.000,300.000,300.000,300.000,300.000,300.000,300.000,300.000,300.000,300.000,300.000,300.000,300.000,300.000,300.000,300.000,300.000,300.000,300.000,300.000,300.000,300.000,300.000,300.000,300.000,300.000,300.000,300.000,300.000,300.000,300.000,300.000,0.001,0.008,0.009,0.010,0.008,0.003,300.000,300.000,300.000,300.000,300.000,300.000,300.000,300.000,300.000,300.000,300.000,300.000,300.000,300.000,300.000,300.000,300.000,300.000,300.000,300.000
300.000,300.000,300.000,300.000,300.000,300.000,300.000,300.000,300.000,300.000,300.000,300.000,300.000,300.000,300.000,300.000,300.000,300.000,300.000,300.000,300.000,300.000,300.000,300.000,300.000,300.000,300.000,300.000,300.000,300.000,300.000,300.000,300.000,300.000,300.000,300.000,300.000,300.000,300.000,300.000,300.000,300.000,300.000,300.000,0.003,0.007,0.009,0.009,0.007,0.002,300.000,300.000,300.000,300.000,300.000,300.000,300.000,300.000,300.000,300.000,300.000,300.000,300.000,300.000,300.000,300.000,300.000,300.000,300.000,300.000
300.000,300.000,300.000,300.000,300.000,300.000,300.000,300.000,300.000,300.000,300.000,300.000,300.000,300.000,300.000,300.000,300.000,300.000,300.000,300.000,300.000,300.000,300.000,300.000,300.000,300.000,300.000,300.000,300.000,300.000,300.000,300.000,300.000,300.000,300.000,300.000,300.000,300.000,300.000,300.000,300.000,300.000,300.000,0.003,0.004,0.007,0.008,0.008,0.005,300.000,300.000,300.000,300.000,300.000,300.000,300.000,300.000,300.000,300.000,300.000,300.000,300.000,300.000,300.000,300.000,300.000,300.000,300.000,300.000,300.000
300.000,300.000,300.000,300.000,300.000,300.000,300.000,300.000,300.000,300.000,300.000,300.000,300.000,300.000,300.000,300.000,300.000,300.000,300.000,300.000,300.000,300.000,300.000,300.000,300.000,300.000,300.000,300.000,300.000,300.000,300.000,300.000,300.000,300.000,300.000,300.000,300.000,300.000,300.000,300.000,300.000,300.000,300.000,0.000,0.004,0.006,0.007,0.007,0.003,300.000,300.000,300.000,300.000,300.000,300.000,300.000,300.000,300.000,300.000,300.000,300.000,300.000,300.000,300.000,300.000,300.000,300.000,300.000,300.000,300.000
300.000,300.000,300.000,300.000,300.000,300.000,300.000,300.000,300.000,300.000,300.000,300.000,300.000,300.000,300.000,300.000,300.000,300.000,300.000,300.000,300.000,300.000,300.000,300.000,300.000,300.000,300.000,300.000,300.000,300.000,300.000,300.000,300.000,300.000,300.000,300.000,300.000,300.000,300.000,300.000,300.000,300.000,300.000,0.002,0.004,0.006,0.006,0.006,0.001,300.000,300.000,300.000,300.000,300.000,300.000,300.000,300.000,300.000,300.000,300.000,300.000,300.000,300.000,300.000,300.000,300.000,300.000,300.000,300.000,300.000
300.000,300.000,300.000,300.000,300.000,300.000,300.000,300.000,300.000,300.000,300.000,300.000,300.000,300.000,300.000,300.000,300.000,300.000,300.000,300.000,300.000,300.000,300.000,300.000,300.000,300.000,300.000,300.000,300.000,300.000,300.000,300.000,300.000,300.000,300.000,300.000,300.000,300.000,300.000,300.000,300.000,300.000,0.000,0.002,0.004,0.005,0.006,0.005,0.001,300.000,300.000,300.000,300.000,300.000,300.000,300.000,300.000,300.000,300.000,300.000,300.000,300.000,300.000,300.000,300.000,300.000,300.000,300.000,300.000,300.000
300.000,300.000,300.000,300.000,300.000,300.000,300.000,300.000,300.000,300.000,300.000,300.000,300.000,300.000,300.000,300.000,300.000,300.000,300.000,300.000,300.000,300.000,300.000,300.000,300.000,300.000,300.000,300.000,300.000,300.000,300.000,300.000,300.000,300.000,300.000,300.000,300.000,300.000,300.000,300.000,300.000,300.000,0.000,0.002,0.004,0.005,0.005,0.004,300.000,300.000,300.000,300.000,300.000,300.000,300.000,300.000,300.000,300.000,300.000,300.000,300.000,300.000,300.000,300.000,300.000,300.000,300.000,300.000,300.000,300.000
300.000,300.000,300.000,300.000,300.000,300.000,300.000,300.000,300.000,300.000,300.000,300.000,300.000,300.000,300.000,300.000,300.000,300.000,300.000,300.000,300.000,300.000,300.000,300.000,300.000,300.000,300.000,300.000,300.000,300.000,300.000,300.000,300.000,300.000,300.000,300.000,300.000,300.000,300.000,300.000,300.000,300.000,0.001,0.002,0.004,0.005,0.005,0.004,300.000,300.000,300.000,300.000,300.000,300.000,300.000,300.000,300.000,300.000,300.000,300.000,300.000,300.000,300.000,300.000,300.000,300.000,300.000,300.000,300.000,300.000
300.000,300.000,300.000,300.000,300.000,300.000,300.000,300.000,300.000,300.000,300.000,300.000,300.000,300.000,300.000,300.000,300.000,300.000,300.000,300.000,300.000,300.000,300.000,300.000,300.000,300.000,300.000,300.000,300.000,300.000,300.000,300.000,300.000,300.000,300.000,300.000,300.000,300.000,300.000,300.000,300.000,300.000,0.001,0.002,0.004,0.005,0.005,0.003,300.000,300.000,300.000,300.000,300.000,300.000,300.000,300.000,300.000,300.000,300.000,300.000,300.000,300.000,300.000,300.000,300.000,300.000,300.000,300.000,300.000,300.000
300.000,300.000,300.000,300.000,300.000,300.000,300.000,300.000,300.000,300.000,300.000,300.000,300.000,300.000,300.000,300.000,300.000,300.000,300.000,300.000,300.000,300.000,300.000,300.000,300.000,300.000,300.000,300.000,300.000,300.000,300.000,300.000,300.000,300.000,300.000,300.000,300.000,300.000,300.000,300.000,300.000,300.000,0.001,0.002,0.004,0.005,0.005,0.003,300.000,300.000,300.000,300.000,300.000,300.000,300.000,300.000,300.000,300.000,300.000,300.000,300.000,300.000,300.000,300.000,300.000,300.000,300.000,300.000,300.000,300.000
300.000,300.000,300.000,300.000,300.000,300.000,300.000,300.000,300.000,300.000,300.000,300.000,300.000,300.000,300.000,300.000,300.000,300.000,300.000,300.000,300.000,300.000,300.000,300.000,300.000,300.000,300.000,300.000,300.000,300.000,300.000,300.000,300.000,300.000,300.000,300.000,300.000,300.000,300.000,300.000,300.000,300.000,0.000,0.002,0.004,0.005,0.005,0.003,300.000,300.000,300.000,300.000,300.000,300.000,300.000,300.000,300.000,300.000,300.000,300.000,300.000,300.000,300.000,300.000,300.000,300.000,300.000,300.000,300.000,300.000
300.000,300.000,300.000,300.000,300.000,300.000,300.000,300.000,300.000,300.000,300.000,300.000,300.000,300.000,300.000,300.000,300.000,300.000,300.000,300.000,300.000,300.000,300.000,300.000,300.000,300.000,300.000,300.000,300.000,300.000,300.000,300.000,300.000,300.000,300.000,300.000,300.000,300.000,300.000,300.000,300.000,300.000,0.000,0.002,0.004,0.005,0.005,0.002,300.000,300.000,300.000,300.000,300.000,300.000,300.000,300.000,300.000,300.000,300.000,300.000,300.000,300.000,300.000,300.000,300.000,300.000,300.000,300.000,300.000,300.000
300.000,300.000,300.000,300.000,300.000,300.000,300.000,300.000,300.000,300.000,300.000,300.000,300.000,300.000,300.000,300.000,300.000,300.000,300.000,300.000,300.000,300.000,300.000,300.000,300.000,300.000,300.000,300.000,300.000,300.000,300.000,300.000,300.000,300.000,300.000,300.000,300.000,300.000,300.000,300.000,300.000,300.000,300.000,0.002,0.004,0.005,0.005,0.002,300.000,300.000,300.000,300.000,300.000,300.000,300.000,300.000,300.000,300.000,300.000,300.000,300.000,300.000,300.000,300.000,300.000,300.000,300.000,300.000,300.000,300.000
300.000,300.000,300.000,300.000,300.000,300.000,300.000,300.000,300.000,300.000,300.000,300.000,300.000,300.000,300.000,300.000,300.000,300.000,300.000,300.000,300.000,300.000,300.000,300.000,300.000,300.000,300.000,300.000,300.000,300.000,300.000,300.000,300.000,300.000,300.000,300.000,300.000,300.000,300.000,300.000,300.000,300.000,300.000,0.001,0.004,0.005,0.005,0.002,300.000,300.000,300.000,300.000,300.000,300.000,300.000,300.000,300.000,300.000,300.000,300.000,300.000,300.000,300.000,300.000,300.000,300.000,300.000,300.000,300.000,300.000
300.000,300.000,300.000,300.000,300.000,300.000,300.000,300.000,300.000,300.000,300.000,300.000,300.000,300.000,300.000,300.000,300.000,300.000,300.000,300.000,300.000,300.000,300.000,300.000,300.000,300.000,300.000,300.000,300.000,300.000,300.000,300.000,300.000,300.000,300.000,300.000,300.000,300.000,300.000,300.000,300.000,300.000,300.000,0.001,0.004,0.005,0.005,0.001,300.000,300.000,300.000,300.000,300.000,300.000,300.000,300.000,300.000,300.000,300.000,300.000,300.000,300.000,300.000,300.000,300.000,300.000,300.000,300.000,300.000,300.000
300.000,300.000,300.000,300.000,300.000,300.000,300.000,300.000,300.000,300.000,300.000,300.000,300.000,300.000,300.000,300.000,300.000,300.000,300.000,300.000,300.000,300.000,300.000,300.000,300.000,300.000,300.000,300.000,300.000,300.000,300.000,300.000,300.000,300.000,300.000,300.000,300.000,300.000,300.000,300.000,300.000,300.000,300.000,0.000,0.004,0.005,0.004,0.000,300.000,300.000,300.000,300.000,300.000,300.000,300.000,300.000,300.000,300.000,300.000,300.000,300.000,300.000,300.000,300.000,300.000,300.000,300.000,300.000,300.000,300.000
300.000,300.000,300.000,300.000,300.000,300.000,300.000,300.000,300.000,300.000,300.000,300.000,300.000,300.000,300.000,300.000,300.000,300.000,300.000,300.000,300.000,300.000,300.000,300.000,300.000,300.000,300.000,300.000,300.000,300.000,300.000,300.000,300.000,300.000,300.000,300.000,300.000,300.000,300.000,300.000,300.000,300.000,300.000,0.000,0.004,0.005,0.004,0.002,300.000,300.000,300.000,300.000,300.000,300.000,300.000,300.000,300.000,300.000,300.000,300.000,300.000,300.000,300.000,300.000,300.000,300.000,300.000,300.000,300.000,300.000
300.000,300.000,300.000,300.000,300.000,300.000,300.000,300.000,300.000,300.000,300.000,300.000,300.000,300.000,300.000,300.000,300.000,300.000,300.000,300.000,300.000,300.000,300.000,300.000,300.000,300.000,300.000,300.000,300.000,300.000,300.000,300.000,300.000,300.000,300.000,300.000,300.000,300.000,300.000,300.000,300.000,300.000,300.000,0.000,0.004,0.004,0.003,300.000,300.000,300.000,300.000,300.000,300.000,300.000,300.000,300.000,300.000,300.000,300.000,300.000,300.000,300.000,300.000,300.000,300.000,300.000,300.000,300.000,300.000,300.000
300.000,300.000,300.000,300.000,300.000,300.000,300.000,300.000,300.000,300.000,300.000,300.000,300.000,300.000,300.000,300.000,300.000,300.000,300.000,300.000,300.000,300.000,300.000,300.000,300.000,300.000,300.000,300.000,300.000,300.000,300.000,300.000,300.000,300.000,300.000,300.000,300.000,300.000,300.000,300.000,300.000,300.000,300.000,0.001,0.004,0.003,0.001,300.000,300.000,300.000,300.000,300.000,300.000,300.000,300.000,300.000,300.000,300.000,300.000,300.000,300.000,300.000,300.000,300.000,300.000,300.000,300.000,300.000,300.000,300.000
300.000,300.000,300.000,300.000,300.000,300.000,300.000,300.000,300.000,300.000,300.000,300.000,300.000,300.000,300.000,300.000,300.000,300.000,300.000,300.000,300.000,300.000,300.000,300.000,300.000,300.000,300.000,300.000,300.000,300.000,300.000,300.000,300.000,300.000,300.000,300.000,300.000,300.000,300.000,300.000,300.000,300.000,300.000,0.002,0.003,0.001,0.003,300.000,300.000,300.000,300.000,300.000,300.000,300.000,300.000,300.000,300.000,300.000,300.000,300.000,300.000,300.000,300.000,300.000,300.000,300.000,300.000,300.000,300.000,300.000
300.000,300.000,300.000,300.000,300.000,300.000,300.000,300.000,300.000,300.000,300.000,300.000,300.000,300.000,300.000,300.000,300.000,300.000,300.000,300.000,300.000,300.000,300.000,300.000,300.000,300.000,300.000,300.000,300.000,300.000,300.000,300.000,300.000,300.000,300.000,300.000,300.000,300.000,300.000,300.000,300.000,300.000,0.000,0.002,0.002,0.002,300.000,300.000,300.000,300.000,300.000,300.000,300.000,300.000,300.000,300.000,300.000,300.000,300.000,300.000,300.000,300.000,300.000,300.000,300.000,300.000,300.000,300.000,300.000,300.000
300.000,300.000,300.000,300.000,300.000,300.000,300.000,300.000,300.000,300.000,300.000,300.000,300.000,300.000,300.000,300.000,300.000,300.000,300.000,300.000,300.000,300.000,300.000,300.000,300.000,300.000,300.000,300.000,300.000,300.000,300.000,300.000,300.000,300.000,300.000,300.000,300.000,300.000,300.000,300.000,300.000,300.000,0.001,0.001,0.000,300.000,300.000,300.000,300.000,300.000,300.000,300.000,300.000,300.000,300.000,300.000,300.000,300.000,300.000,300.000,300.000,300.000,300.000,300.000,300.000,300.000,300.000,300.000,300.000,300.000
300.000,300.000,300.000,300.000,300.000,300.000,300.000,300.000,300.000,300.000,300.000,300.000,300.000,300.000,300.000,300.000,300.000,300.000,300.000,300.000,300.000,300.000,300.000,300.000,300.000,300.000,300.000,300.000,300.000,300.000,300.000,300.000,300.000,300.000,300.000,300.000,300.000,300.000,300.000,300.000,300.000,300.000,0.001,0.001,0.002,300.000,300.000,300.000,300.000,300.000,300.000,300.000,300.000,300.000,300.000,300.000,300.000,300.000,300.000,300.000,300.000,300.000,300.000,300.000,300.000,300.000,300.000,300.000,300.000,300.000
300.000,300.000,300.000,300.000,300.000,300.000,300.000,300.000,300.000,300.000,300.000,300.000,300.000,300.000,300.000,300.000,300.000,300.000,300.000,300.000,300.000,300.000,300.000,300.000,300.000,300.000,300.000,300.000,300.000,300.000,300.000,300.000,300.000,300.000,300.000,300.000,300.000,300.000,300.000,300.000,300.000,0.000,0.000,0.001,300.000,300.000,300.000,300.000,300.000,300.000,300.000,300.000,300.000,300.000,300.000,300.000,300.000,300.000,300.000,300.000,300.000,300.000,300.000,300.000,300.000,300.000,300.000,300.000,300.000,300.000
300.000,300.000,300.000,300.000,300.000,300.000,300.000,300.000,300.000,300.000,300.000,300.000,300.000,300.000,300.000,300.000,300.000,300.000,300.000,300.000,300.000,300.000,300.000,300.000,300.000,300.000,300.000,300.000,300.000,300.000,300.000,300.000,300.000,300.000,300.000,300.000,300.000,300.000,300.000,300.000,300.000,0.000,300.000,300.000,300.000,300.000,300.000,300.000,300.000,300.000,300.000,300.000,300.000,300.000,300.000,300.000,300.000,300.000,300.000,300.000,300.000,300.000,300.000,300.000,300.000,300.000,300.000,300.000,300.000,300.000
300.000,300.000,300.000,300.000,300.000,300.000,300.000,300.000,300.000,300.000,300.000,300.000,300.000,300.000,300.000,300.000,300.000,300.000,300.000,300.000,300.000,300.000,300.000,300.000,300.000,300.000,300.000,300.000,300.000,300.000,300.000,300.000,300.000,300.000,300.000,300.000,300.000,300.000,300.000,300.000,300.000,300.000,300.000,300.000,300.000,300.000,300.000,300.000,300.000,300.000,300.000,300.000,300.000,300.000,300.000,300.000,300.000,300.000,300.000,300.000,300.000,300.000,300.000,300.000,300.000,300.000,300.000,300.000,300.000,300.000
300.000,300.000,300.000,300.000,300.000,300.000,300.000,300.000,300.000,300.000,300.000,300.000,300.000,300.000,300.000,300.000,300.000,300.000,300.000,300.000,300.000,300.000,300.000,300.000,300.000,300.000,300.000,300.000,300.000,300.000,300.000,300.000,300.000,300.000,300.000,300.000,300.000,300.000,300.000,300.000,300.000,300.000,300.000,300.000,300.000,300.000,300.000,300.000,300.000,300.000,300.000,300.000,300.000,300.000,300.000,300.000,300.000,300.000,300.000,300.000,300.000,300.000,300.000,300.000,300.000,300.000,300.000,300.000,300.000,300.000
300.000,300.000,300.000,300.000,300.000,300.000,300.000,300.000,300.000,300.000,300.000,300.000,300.000,300.000,300.000,300.000,300.000,300.000,300.000,300.000,300.000,300.000,300.000,300.000,300.000,300.000,300.000,300.000,300.000,300.000,300.000,300.000,300.000,300.000,300.000,300.000,300.000,300.000,300.000,300.000,300.000,300.000,300.000,300.000,300.000,300.000,300.000,300.000,300.000,300.000,300.000,300.000,300.000,300.000,300.000,300.000,300.000,300.000,300.000,300.000,300.000,300.000,300.000,300.000,300.000,300.000,300.000,300.000,300.000,300.000
300.000,300.000,300.000,300.000,300.000,300.000,300.000,300.000,300.000,300.000,300.000,300.000,300.000,300.000,300.000,300.000,300.000,300.000,300.000,300.000,300.000,300.000,300.000,300.000,300.000,300.000,300.000,300.000,300.000,300.000,300.000,300.000,300.000,300.000,300.000,300.000,300.000,300.000,300.000,300.000,300.000,300.000,300.000,300.000,300.000,300.000,300.000,300.000,300.000,300.000,300.000,300.000,300.000,300.000,300.000,300.000,300.000,300.000,300.000,300.000,300.000,300.000,300.000,300.000,300.000,300.000,300.000,300.000,300.000,300.000
300.000,300.000,300.000,300.000,300.000,300.000,300.000,300.000,300.000,300.000,300.000,300.000,300.000,300.000,300.000,300.000,300.000,300.000,300.000,300.000,300.000,300.000,300.000,300.000,300.000,300.000,300.000,300.000,300.000,300.000,300.000,300.000,300.000,300.000,300.000,300.000,300.000,300.000,300.000,300.000,300.000,300.000,300.000,300.000,300.000,300.000,300.000,300.000,300.000,300.000,300.000,300.000,300.000,300.000,300.000,300.000,300.000,300.000,300.000,300.000,300.000,300.000,300.000,300.000,300.000,300.000,300.000,300.000,300.000,300.000
300.000,300.000,300.000,300.000,300.000,300.000,300.000,300.000,300.000,300.000,300.000,300.000,300.000,300.000,300.000,300.000,300.000,300.000,300.000,300.000,300.000,300.000,300.000,300.000,300.000,300.000,300.000,300.000,300.000,300.000,300.000,300.000,300.000,300.000,300.000,300.000,300.000,300.000,300.000,300.000,300.000,300.000,300.000,300.000,300.000,300.000,300.000,300.000,300.000,300.000,300.000,300.000,300.000,300.000,300.000,300.000,300.000,300.000,300.000,300.000,300.000,300.000,300.000,300.000,300.000,300.000,300.000,300.000,300.000,300.000
300.000,300.000,300.000,300.000,300.000,300.000,300.000,300.000,300.000,300.000,300.000,300.000,300.000,300.000,300.000,300.000,300.000,300.000,300.000,300.000,300.000,300.000,300.000,300.000,300.000,300.000,300.000,300.000,300.000,300.000,300.000,300.000,300.000,300.000,300.000,300.000,300.000,300.000,300.000,300.000,300.000,300.000,300.000,300.000,300.000,300.000,300.000,300.000,300.000,300.000,300.000,300.000,300.000,300.000,300.000,300.000,300.000,300.000,300.000,300.000,300.000,300.000,300.000,300.000,300.000,300.000,300.000,300.000,300.000,300.000
300.000,300.000,300.000,300.000,300.000,300.000,300.000,300.000,300.000,300.000,300.000,300.000,300.000,300.000,300.000,300.000,300.000,300.000,300.000,300.000,300.000,300.000,300.000,300.000,300.000,300.000,300.000,300.000,300.000,300.000,300.000,300.000,300.000,300.000,300.000,300.000,300.000,300.000,300.000,300.000,300.000,300.000,300.000,300.000,300.000,300.000,300.000,300.000,300.000,300.000,300.000,300.000,300.000,300.000,300.000,300.000,300.000,300.000,300.000,300.000,300.000,300.000,300.000,300.000,300.000,300.000,300.000,300.000,300.000,300.000
300.000,300.000,300.000,300.000,300.000,300.000,300.000,300.000,300.000,300.000,300.000,300.000,300.000,300.000,300.000,300.000,300.000,300.000,300.000,300.000,300.000,300.000,300.000,300.000,300.000,300.000,300.000,300.000,300.000,300.000,300.000,300.000,300.000,300.000,300.000,300.000,300.000,300.000,300.000,300.000,300.000,300.000,300.000,300.000,300.000,300.000,300.000,300.000,300.000,300.000,300.000,300.000,300.000,300.000,300.000,300.000,300.000,300.000,300.000,300.000,300.000,300.000,300.000,300.000,300.000,300.000,300.000,300.000,300.000,300.000
300.000,300.000,300.000,300.000,300.000,300.000,300.000,300.000,300.000,300.000,300.000,300.000,300.000,300.000,300.000,300.000,300.000,300.000,300.000,300.000,300.000,300.000,300.000,300.000,300.000,300.000,300.000,300.000,300.000,300.000,300.000,300.000,300.000,300.000,300.000,300.000,300.000,300.000,300.000,300.000,300.000,300.000,300.000,300.000,300.000,300.000,300.000,300.000,300.000,300.000,300.000,300.000,300.000,300.000,300.000,300.000,300.000,300.000,300.000,300.000,300.000,300.000,300.000,300.000,300.000,300.000,300.000,300.000,300.000,300.000
300.000,300.000,300.000,300.000,300.000,300.000,300.000,300.000,300.000,300.000,300.000,300.000,300.000,300.000,300.000,300.000,300.000,300.000,300.000,300.000,300.000,300.000,300.000,300.000,300.000,300.000,300.000,300.000,300.000,300.000,300.000,300.000,300.000,300.000,300.000,300.000,300.000,300.000,300.000,300.000,300.000,300.000,300.000,300.000,300.000,300.000,300.000,300.000,300.000,300.000,300.000,300.000,300.000,300.000,300.000,300.000,300.000,300.000,300.000,300.000,300.000,300.000,300.000,300.000,300.000,300.000,300.000,300.000,300.000,300.000
300.000,300.000,300.000,300.000,300.000,300.000,300.000,300.000,300.000,300.000,300.000,300.000,300.000,300.000,300.000,300.000,300.000,300.000,300.000,300.000,300.000,300.000,300.000,300.000,300.000,300.000,300.000,300.000,300.000,300.000,300.000,300.000,300.000,300.000,300.000,300.000,300.000,300.000,300.000,300.000,300.000,300.000,300.000,300.000,300.000,300.000,300.000,300.000,300.000,300.000,300.000,300.000,300.000,300.000,300.000,300.000,300.000,300.000,300.000,300.000,300.000,300.000,300.000,300.000,300.000,300.000,300.000,300.000,300.000,300.000
300.000,300.000,300.000,300.000,300.000,300.000,300.000,300.000,300.000,300.000,300.000,300.000,300.000,300.000,300.000,300.000,300.000,300.000,300.000,300.000,300.000,300.000,300.000,300.000,300.000,300.000,300.000,300.000,300.000,300.000,300.000,300.000,300.000,300.000,300.000,300.000,300.000,300.000,300.000,300.000,300.000,300.000,300.000,300.000,300.000,300.000,300.000,300.000,300.000,300.000,300.000,300.000,300.000,300.000,300.000,300.000,300.000,300.000,300.000,300.000,300.000,300.000,300.000,300.000,300.000,300.000,300.000,300.000,300.000,300.000
300.000,300.000,300.000,300.000,300.000,300.000,300.000,300.000,300.000,300.000,300.000,300.000,300.000,300.000,300.000,300.000,300.000,300.000,300.000,300.000,300.000,300.000,300.000,300.000,300.000,300.000,300.000,300.000,300.000,300.000,300.000,300.000,300.000,300.000,300.000,300.000,300.000,300.000,300.000,300.000,300.000,300.000,300.000,300.000,300.000,300.000,300.000,300.000,300.000,300.000,300.000,300.000,300.000,300.000,300.000,300.000,300.000,300.000,300.000,300.000,300.000,300.000,300.000,300.000,300.000,300.000,300.000,300.000,300.000,300.000
300.000,300.000,300.000,300.000,300.000,300.000,300.000,300.000,300.000,300.000,300.000,300.000,300.000,300.000,300.000,300.000,300.000,300.000,300.000,300.000,300.000,300.000,300.000,300.000,300.000,300.000,300.000,300.000,300.000,300.000,300.000,300.000,300.000,300.000,300.000,300.000,300.000,300.000,300.000,300.000,300.000,300.000,300.000,300.000,300.000,300.000,300.000,300.000,300.000,300.000,300.000,300.000,300.000,300.000,300.000,300.000,300.000,300.000,300.000,300.000,300.000,300.000,300.000,300.000,300.000,300.000,300.000,300.000,300.000,300.000
300.000,300.000,300.000,300.000,300.000,300.000,300.000,300.000,300.000,300.000,300.000,300.000,300.000,300.000,300.000,300.000,300.000,300.000,300.000,300.000,300.000,300.000,300.000,300.000,300.000,300.000,300.000,300.000,300.000,300.000,300.000,300.000,300.000,300.000,300.000,300.000,300.000,300.000,300.000,300.000,300.000,300.000,300.000,300.000,300.000,300.000,300.000,300.000,300.000,300.000,300.000,300.000,300.000,300.000,300.000,300.000,300.000,300.000,300.000,300.000,300.000,300.000,300.000,300.000,300.000,300.000,300.000,300.000,300.000,300.000
300.000,300.000,300.000,300.000,300.000,300.000,300.000,300.000,300.000,300.000,300.000,300.000,300.000,300.000,300.000,300.000,300.000,300.000,300.000,300.000,300.000,300.000,300.000,300.000,300.000,300.000,300.000,300.000,300.000,300.000,300.000,300.000,300.000,300.000,300.000,300.000,300.000,300.000,300.000,300.000,300.000,300.000,300.000,300.000,300.000,300.000,300.000,300.000,300.000,300.000,300.000,300.000,300.000,300.000,300.000,300.000,300.000,300.000,300.000,300.000,300.000,300.000,300.000,300.000,300.000,300.000,300.000,300.000,300.000,300.000
300.000,300.000,300.000,300.000,300.000,300.000,300.000,300.000,300.000,300.000,300.000,300.000,300.000,300.000,300.000,300.000,300.000,300.000,300.000,300.000,300.000,300.000,300.000,300.000,300.000,300.000,300.000,300.000,300.000,300.000,300.000,300.000,300.000,300.000,300.000,300.000,300.000,300.000,300.000,300.000,300.000,300.000,300.000,300.000,300.000,300.000,300.000,300.000,300.000,300.000,300.000,300.000,300.000,300.000,300.000,300.000,300.000,300.000,300.000,300.000,300.000,300.000,300.000,300.000,300.000,300.000,300.000,300.000,300.000,300.000
300.000,300.000,300.000,300.000,300.000,300.000,300.000,300.000,300.000,300.000,300.000,300.000,300.000,300.000,300.000,300.000,300.000,300.000,300.000,300.000,300.000,300.000,300.000,300.000,300.000,300.000,300.000,300.000,300.000,300.000,300.000,300.000,300.000,300.000,300.000,300.000,300.000,300.000,300.000,300.000,300.000,300.000,300.000,300.000,300.000,300.000,300.000,300.000,300.000,300.000,300.000,300.000,300.000,300.000,300.000,300.000,300.000,300.000,300.000,300.000,300.000,300.000,300.000,300.000,300.000,300.000,300.000,300.000,300.000,300.000
300.000,300.000,300.000,300.000,300.000,300.000,300.000,300.000,300.000,300.000,300.000,300.000,300.000,300.000,300.000,300.000,300.000,300.000,300.000,300.000,300.000,300.000,300.000,300.000,300.000,300.000,300.000,300.000,300.000,300.000,300.000,300.000,300.000,300.000,300.000,300.000,300.000,300.000,300.000,300.000,300.000,300.000,300.000,300.000,300.000,300.000,300.000,300.000,300.000,300.000,300.000,300.000,300.000,300.000,300.000,300.000,300.000,300.000,300.000,300.000,300.000,300.000,300.000,300.000,300.000,300.000,300.000,300.000,300.000,300.000
300.000,300.000,300.000,300.000,300.000,300.000,300.000,300.000,300.000,300.000,300.000,300.000,300.000,300.000,300.000,300.000,300.000,300.000,300.000,300.000,300.000,300.000,300.000,300.000,300.000,300.000,300.000,300.000,300.000,300.000,300.000,300.000,300.000,300.000,300.000,300.000,300.000,300.000,300.000,300.000,300.000,300.000,300.000,300.000,300.000,300.000,300.000,300.000,300.000,300.000,300.000,300.000,300.000,300.000,300.000,300.000,300.000,300.000,300.000,300.000,300.000,300.000,300.000,300.000,300.000,300.000,300.000,300.000,300.000,300.000
300.000,300.000,300.000,300.000,300.000,300.000,300.000,300.000,300.000,300.000,300.000,300.000,300.000,300.000,300.000,300.000,300.000,300.000,300.000,300.000,300.000,300.000,300.000,300.000,300.000,300.000,300.000,300.000,300.000,300.000,300.000,300.000,300.000,300.000,300.000,300.000,300.000,300.000,300.000,300.000,300.000,300.000,300.000,300.000,300.000,300.000,300.000,300.000,300.000,300.000,300.000,300.000,300.000,300.000,300.000,300.000,300.000,300.000,300.000,300.000,300.000,300.000,300.000,300.000,300.000,300.000,300.000,300.000,300.000,300.000
300.000,300.000,300.000,300.000,300.000,300.000,300.000,300.000,300.000,300.000,300.000,300.000,300.000,300.000,300.000,300.000,300.000,300.000,300.000,300.000,300.000,300.000,300.000,300.000,300.000,300.000,300.000,300.000,300.000,300.000,300.000,300.000,300.000,300.000,300.000,300.000,300.000,300.000,300.000,300.000,300.000,300.000,300.000,300.000,300.000,300.000,300.000,300.000,300.000,300.000,300.000,300.000,300.000,300.000,300.000,300.000,300.000,300.000,300.000,300.000,300.000,300.000,300.000,300.000,300.000,300.000,300.000,300.000,300.000,300.000
300.000,300.000,300.000,300.000,300.000,300.000,300.000,300.000,300.000,300.000,300.000,300.000,300.000,300.000,300.000,300.000,300.000,300.000,300.000,300.000,300.000,300.000,300.000,300.000,300.000,300.000,300.000,300.000,300.000,300.000,300.000,300.000,300.000,300.000,300.000,300.000,300.000,300.000,300.000,300.000,300.000,300.000,300.000,300.000,300.000,300.000,300.000,300.000,300.000,300.000,300.000,300.000,300.000,300.000,300.000,300.000,300.000,300.000,300.000,300.000,300.000,300.000,300.000,300.000,300.000,300.000,300.000,300.000,300.000,300.000
300.000,300.000,300.000,300.000,300.000,300.000,300.000,300.000,300.000,300.000,300.000,300.000,300.000,300.000,300.000,300.000,300.000,300.000,300.000,300.000,300.000,300.000,300.000,300.000,300.000,300.000,300.000,300.000,300.000,300.000,300.000,300.000,300.000,300.000,300.000,300.000,300.000,300.000,300.000,300.000,300.000,300.000,300.000,300.000,300.000,300.000,300.000,300.000,300.000,300.000,300.000,300.000,300.000,300.000,300.000,300.000,300.000,300.000,300.000,300.000,300.000,300.000,300.000,300.000,300.000,300.000,300.000,300.000,300.000,300.000
300.000,300.000,300.000,300.000,300.000,300.000,300.000,300.000,300.000,300.000,300.000,300.000,300.000,300.000,300.000,300.000,300.000,300.000,300.000,300.000,300.000,300.000,300.000,300.000,300.000,300.000,300.000,300.000,300.000,300.000,300.000,300.000,300.000,300.000,300.000,300.000,300.000,300.000,300.000,300.000,300.000,300.000,300.000,300.000,300.000,300.000,300.000,300.000,300.000,300.000,300.000,300.000,300.000,300.000,300.000,300.000,300.000,300.000,300.000,300.000,300.000,300.000,300.000,300.000,300.000,300.000,300.000,300.000,300.000,300.000
300.000,300.000,300.000,300.000,300.000,300.000,300.000,300.000,300.000,300.000,300.000,300.000,300.000,300.000,300.000,300.000,300.000,300.000,300.000,300.000,300.000,300.000,300.000,300.000,300.000,300.000,300.000,300.000,300.000,300.000,300.000,300.000,300.000,300.000,300.000,300.000,300.000,300.000,300.000,300.000,300.000,300.000,300.000,300.000,300.000,300.000,300.000,300.000,300.000,300.000,300.000,300.000,300.000,300.000,300.000,300.000,300.000,300.000,300.000,300.000,300.000,300.000,300.000,300.000,300.000,300.000,300.000,300.000,300.000,300.000
300.000,300.000,300.000,300.000,300.000,300.000,300.000,300.000,300.000,300.000,300.000,300.000,300.000,300.000,300.000,300.000,300.000,300.000,300.000,300.000,300.000,300.000,300.000,300.000,300.000,300.000,300.000,300.000,300.000,300.000,300.000,300.000,300.000,300.000,300.000,300.000,300.000,300.000,300.000,300.000,300.000,300.000,300.000,300.000,300.000,300.000,300.000,300.000,300.000,300.000,300.000,300.000,300.000,300.000,300.000,300.000,300.000,300.000,300.000,300.000,300.000,300.000,300.000,300.000,300.000,300.000,300.000,300.000,300.000,300.000
300.000,300.000,300.000,300.000,300.000,300.000,300.000,300.000,300.000,300.000,300.000,300.000,300.000,300.000,300.000,300.000,300.000,300.000,300.000,300.000,300.000,300.000,300.000,300.000,300.000,300.000,300.000,300.000,300.000,300.000,300.000,300.000,300.000,300.000,300.000,300.000,300.000,300.000,300.000,300.000,300.000,300.000,300.000,300.000,300.000,300.000,300.000,300.000,300.000,300.000,300.000,300.000,300.000,300.000,300.000,300.000,300.000,300.000,300.000,300.000,300.000,300.000,300.000,300.000,300.000,300.000,300.000,300.000,300.000,300.000
