300.000,300.000,300.000,300.000,300.000,300.000,300.000,300.000,300.000,300.000,300.000,300.000,300.000,300.000,300.000,300.000,300.000,300.000,300.000,300.000,300.000,300.000,300.000,300.000,300.000,300.000,300.000,300.000,300.000,300.000,300.000,300.000,300.000,300.000,300.000,300.000,300.000,300.000,300.000,300.000,300.000,300.000,300.000,300.000,300.000,300.000,300.000,300.000,300.000,300.000,300.000,553.808,1849.605,2806.381,9662.743,10970.280,5637.175,300.000,300.000,300.000,300.000,300.000,300.000,300.000,300.000,300.000,300.000,300.000,300.000,300.000
300.000,300.000,300.000,300.000,300.000,300.000,300.000,300.000,300.000,300.000,300.000,300.000,300.000,300.000,300.000,300.000,300.000,300.000,300.000,300.000,300.000,300.000,300.000,300.000,300.000,300.000,300.000,300.000,300.000,300.000,300.000,300.000,300.000,300.000,300.000,300.000,300.000,300.000,300.000,300.000,300.000,300.000,300.000,300.000,300.000,300.000,300.000,300.000,300.000,300.000,300.000,960.690,1799.472,3031.875,9309.748,9478.205,300.000,300.000,300.000,300.000,300.000,300.000,300.000,300.000,300.000,300.000,300.000,300.000,300.000,300.000
300.000,300.000,300.000,300.000,300.000,300.000,300.000,300.000,300.000,300.000,300.000,300.000,300.000,300.000,300.000,300.000,300.000,300.000,300.000,300.000,300.000,300.000,300.000,300.000,300.000,300.000,300.000,300.000,300.000,300.000,300.000,300.000,300.000,300.000,300.000,300.000,300.000,300.000,300.000,300.000,300.000,300.000,300.000,300.000,300.000,300.000,300.000,300.000,300.000,300.000,18.878,1228.481,1688.825,3284.097,8510.199,7417.513,300.000,300.000,300.000,300.000,300.000,300.000,300.000,300.000,300.000,300.000,300.000,300.000,300.000,300.000
300.000,300.000,300.000,300.000,300.000,300.000,300.000,300.000,300.000,300.000,300.000,300.000,300.000,300.000,300.000,300.000,300.000,300.000,300.000,300.000,300.000,300.000,300.000,300.000,300.000,300.000,300.000,300.000,300.000,300.000,300.000,300.000,300.000,300.000,300.000,300.000,300.000,300.000,300.000,300.000,300.000,300.000,300.000,300.000,300.000,300.000,300.000,300.000,300.000,300.000,652.425,1297.341,1535.385,3412.176,6786.894,2968.932,300.000,300.000,300.000,300.000,300.000,300.000,300.000,300.000,300.000,300.000,300.000,300.000,300.000,300.000
300.000,300.000,300.000,300.000,300.000,300.000,300.000,300.000,300.000,300.000,300.000,300.000,300.000,300.000,300.000,300.000,300.000,300.000,300.000,300.000,300.000,300.000,300.000,300.000,300.000,300.000,300.000,300.000,300.000,300.000,300.000,300.000,300.000,300.000,300.000,300.000,300.000,300.000,300.000,300.000,300.000,300.000,300.000,300.000,300.000,300.000,300.000,300.000,300.000,360.492,893.024,1075.061,1293.094,2904.438,3325.837,300.000,300.000,300.000,300.000,300.000,300.000,300.000,300.000,300.000,300.000,300.000,300.000,300.000,300.000,300.000
300.000,300.000,300.000,300.000,300.000,300.000,300.000,300.000,300.000,300.000,300.000,300.000,300.000,300.000,300.000,300.000,300.000,300.000,300.000,300.000,300.000,300.000,300.000,300.000,300.000,300.000,300.000,300.000,300.000,300.000,300.000,300.000,300.000,300.000,300.000,300.000,300.000,300.000,300.000,300.000,300.000,300.000,300.000,300.000,300.000,300.000,300.000,8.916,312.698,538.270,623.629,620.975,704.357,300.000,300.000,300.000,300.000,300.000,300.000,300.000,300.000,300.000,300.000,300.000,300.000,300.000,300.000,300.000,300.000,300.000
300.000,300.000,300.000,300.000,300.000,300.000,300.000,300.000,300.000,300.000,300.000,300.000,300.000,300.000,300.000,300.000,300.000,300.000,300.000,300.000,300.000,300.000,300.000,300.000,300.000,300.000,300.000,300.000,300.000,300.000,300.000,300.000,300.000,300.000,300.000,300.000,300.000,300.000,300.000,300.000,300.000,300.000,300.000,300.000,300.000,300.000,300.000,124.745,336.206,465.088,482.746,435.747,268.483,300.000,300.000,300.000,300.000,300.000,300.000,300.000,300.000,300.000,300.000,300.000,300.000,300.000,300.000,300.000,300.000,300.000
300.000,300.000,300.000,300.000,300.000,300.000,300.000,300.000,300.000,300.000,300.000,300.000,300.000,300.000,300.000,300.000,300.000,300.000,300.000,300.000,300.000,300.000,300.000,300.000,300.000,300.000,300.000,300.000,300.000,300.000,300.000,300.000,300.000,300.000,300.000,300.000,300.000,300.000,300.000,300.000,300.000,300.000,300.000,300.000,300.000,300.000,3.182,161.353,326.739,416.749,404.732,318.398,300.000,300.000,300.000,300.000,300.000,300.000,300.000,300.000,300.000,300.000,300.000,300.000,300.000,300.000,300.000,300.000,300.000,300.000
300.000,300.000,300.000,300.000,300.000,300.000,300.000,300.000,300.000,300.000,300.000,300.000,300.000,300.000,300.000,300.000,300.000,300.000,300.000,300.000,300.000,300.000,300.000,300.000,300.000,300.000,300.000,300.000,300.000,300.000,300.000,300.000,300.000,300.000,300.000,300.000,300.000,300.000,300.000,300.000,300.000,300.000,300.000,300.000,300.000,300.000,41.551,176.328,312.803,378.095,343.728,209.423,300.000,300.000,300.000,300.000,300.000,300.000,300.000,300.000,300.000,300.000,300.000,300.000,300.000,300.000,300.000,300.000,300.000,300.000
300.000,300.000,300.000,300.000,300.000,300.000,300.000,300.000,300.000,300.000,300.000,300.000,300.000,300.000,300.000,300.000,300.000,300.000,300.000,300.000,300.000,300.000,300.000,300.000,300.000,300.000,300.000,300.000,300.000,300.000,300.000,300.000,300.000,300.000,300.000,300.000,300.000,300.000,300.000,300.000,300.000,300.000,300.000,300.000,300.000,300.000,65.857,182.475,297.553,343.520,288.199,73.600,300.000,300.000,300.000,300.000,300.000,300.000,300.000,300.000,300.000,300.000,300.000,300.000,300.000,300.000,300.000,300.000,300.000,300.000
300.000,300.000,300.000,300.000,300.000,300.000,300.000,300.000,300.000,300.000,300.000,300.000,300.000,300.000,300.000,300.000,300.000,300.000,300.000,300.000,300.000,300.000,300.000,300.000,300.000,300.000,300.000,300.000,300.000,300.000,300.000,300.000,300.000,300.000,300.000,300.000,300.000,300.000,300.000,300.000,300.000,300.000,300.000,300.000,300.000,2.609,82.490,184.361,281.479,310.412,232.574,300.000,300.000,300.000,300.000,300.000,300.000,300.000,300.000,300.000,300.000,300.000,300.000,300.000,300.000,300.000,300.000,300.000,300.000,300.000
300.000,300.000,300.000,300.000,300.000,300.000,300.000,300.000,300.000,300.000,300.000,300.000,300.000,300.000,300.000,300.000,300.000,300.000,300.000,300.000,300.000,300.000,300.000,300.000,300.000,300.000,300.000,300.000,300.000,300.000,300.000,300.000,300.000,300.000,300.000,300.000,300.000,300.000,300.000,300.000,300.000,300.000,300.000,300.000,300.000,19.312,94.345,183.197,264.282,276.752,171.283,300.000,300.000,300.000,300.000,300.000,300.000,300.000,300.000,300.000,300.000,300.000,300.000,300.000,300.000,300.000,300.000,300.000,300.000,300.000
300.000,300.000,300.000,300.000,300.000,300.000,300.000,300.000,300.000,300.000,300.000,300.000,300.000,300.000,300.000,300.000,300.000,300.000,300.000,300.000,300.000,300.000,300.000,300.000,300.000,300.000,300.000,300.000,300.000,300.000,300.000,300.000,300.000,300.000,300.000,300.000,300.000,300.000,300.000,300.000,300.000,300.000,300.000,300.000,300.000,36.058,102.030,179.598,246.260,242.183,97.808,300.000,300.000,300.000,300.000,300.000,300.000,300.000,300.000,300.000,300.000,300.000,300.000,300.000,300.000,300.000,300.000,300.000,300.000,300.000
300.000,300.000,300.000,300.000,300.000,300.000,300.000,300.000,300.000,300.000,300.000,300.000,300.000,300.000,300.000,300.000,300.000,300.000,300.000,300.000,300.000,300.000,300.000,300.000,300.000,300.000,300.000,300.000,300.000,300.000,300.000,300.000,300.000,300.000,300.000,300.000,300.000,300.000,300.000,300.000,300.000,300.000,300.000,300.000,300.000,48.836,106.869,174.117,227.285,205.630,20.630,300.000,300.000,300.000,300.000,300.000,300.000,300.000,300.000,300.000,300.000,300.000,300.000,300.000,300.000,300.000,300.000,300.000,300.000,300.000
300.000,300.000,300.000,300.000,300.000,300.000,300.000,300.000,300.000,300.000,300.000,300.000,300.000,300.000,300.000,300.000,300.000,300.000,300.000,300.000,300.000,300.000,300.000,300.000,300.000,300.000,300.000,300.000,300.000,300.000,300.000,300.000,300.000,300.000,300.000,300.000,300.000,300.000,300.000,300.000,300.000,300.000,300.000,300.000,300.000,58.577,109.015,167.135,207.348,165.993,300.000,300.000,300.000,300.000,300.000,300.000,300.000,300.000,300.000,300.000,300.000,300.000,300.000,300.000,300.000,300.000,300.000,300.000,300.000,300.000
300.000,300.000,300.000,300.000,300.000,300.000,300.000,300.000,300.000,300.000,300.000,300.000,300.000,300.000,300.000,300.000,300.000,300.000,300.000,300.000,300.000,300.000,300.000,300.000,300.000,300.000,300.000,300.000,300.000,300.000,300.000,300.000,300.000,300.000,300.000,300.000,300.000,300.000,300.000,300.000,300.000,300.000,300.000,300.000,6.977,65.582,109.001,158.561,185.573,119.743,300.000,300.000,300.000,300.000,300.000,300.000,300.000,300.000,300.000,300.000,300.000,300.000,300.000,300.000,300.000,300.000,300.000,300.000,300.000,300.000
300.000,300.000,300.000,300.000,300.000,300.000,300.000,300.000,300.000,300.000,300.000,300.000,300.000,300.000,300.000,300.000,300.000,300.000,300.000,300.000,300.000,300.000,300.000,300.000,300.000,300.000,300.000,300.000,300.000,300.000,300.000,300.000,300.000,300.000,300.000,300.000,300.000,300.000,300.000,300.000,300.000,300.000,300.000,300.000,7.642,70.140,107.026,148.137,160.959,59.632,300.000,300.000,300.000,300.000,300.000,300.000,300.000,300.000,300.000,300.000,300.000,300.000,300.000,300.000,300.000,300.000,300.000,300.000,300.000,300.000
300.000,300.000,300.000,300.000,300.000,300.000,300.000,300.000,300.000,300.000,300.000,300.000,300.000,300.000,300.000,300.000,300.000,300.000,300.000,300.000,300.000,300.000,300.000,300.000,300.000,300.000,300.000,300.000,300.000,300.000,300.000,300.000,300.000,300.000,300.000,300.000,300.000,300.000,300.000,300.000,300.000,300.000,300.000,300.000,19.066,72.435,103.338,136.270,133.814,44.948,300.000,300.000,300.000,300.000,300.000,300.000,300.000,300.000,300.000,300.000,300.000,300.000,300.000,300.000,300.000,300.000,300.000,300.000,300.000,300.000
300.000,300.000,300.000,300.000,300.000,300.000,300.000,300.000,300.000,300.000,300.000,300.000,300.000,300.000,300.000,300.000,300.000,300.000,300.000,300.000,300.000,300.000,300.000,300.000,300.000,300.000,300.000,300.000,300.000,300.000,300.000,300.000,300.000,300.000,300.000,300.000,300.000,300.000,300.000,300.000,300.000,300.000,300.000,13.246,27.606,72.386,97.951,122.791,102.976,300.000,300.000,300.000,300.000,300.000,300.000,300.000,300.000,300.000,300.000,300.000,300.000,300.000,300.000,300.000,300.000,300.000,300.000,300.000,300.000,300.000
300.000,300.000,300.000,300.000,300.000,300.000,300.000,300.000,300.000,300.000,300.000,300.000,300.000,300.000,300.000,300.000,300.000,300.000,300.000,300.000,300.000,300.000,300.000,300.000,300.000,300.000,300.000,300.000,300.000,300.000,300.000,300.000,300.000,300.000,300.000,300.000,300.000,300.000,300.000,300.000,300.000,300.000,300.000,1.055,33.868,70.099,90.450,106.760,64.707,300.000,300.000,300.000,300.000,300.000,300.000,300.000,300.000,300.000,300.000,300.000,300.000,300.000,300.000,300.000,300.000,300.000,300.000,300.000,300.000,300.000
300.000,300.000,300.000,300.000,300.000,300.000,300.000,300.000,300.000,300.000,300.000,300.000,300.000,300.000,300.000,300.000,300.000,300.000,300.000,300.000,300.000,300.000,300.000,300.000,300.000,300.000,300.000,300.000,300.000,300.000,300.000,300.000,300.000,300.000,300.000,300.000,300.000,300.000,300.000,300.000,300.000,300.000,300.000,10.610,36.872,66.366,82.226,90.449,19.389,300.000,300.000,300.000,300.000,300.000,300.000,300.000,300.000,300.000,300.000,300.000,300.000,300.000,300.000,300.000,300.000,300.000,300.000,300.000,300.000,300.000
300.000,300.000,300.000,300.000,300.000,300.000,300.000,300.000,300.000,300.000,300.000,300.000,300.000,300.000,300.000,300.000,300.000,300.000,300.000,300.000,300.000,300.000,300.000,300.000,300.000,300.000,300.000,300.000,300.000,300.000,300.000,300.000,300.000,300.000,300.000,300.000,300.000,300.000,300.000,300.000,300.000,300.000,0.579,14.315,37.615,63.801,77.142,79.960,23.476,300.000,300.000,300.000,300.000,300.000,300.000,300.000,300.000,300.000,300.000,300.000,300.000,300.000,300.000,300.000,300.000,300.000,300.000,300.000,300.000,300.000
300.000,300.000,300.000,300.000,300.000,300.000,300.000,300.000,300.000,300.000,300.000,300.000,300.000,300.000,300.000,300.000,300.000,300.000,300.000,300.000,300.000,300.000,300.000,300.000,300.000,300.000,300.000,300.000,300.000,300.000,300.000,300.000,300.000,300.000,300.000,300.000,300.000,300.000,300.000,300.000,300.000,300.000,3.011,16.371,37.851,61.771,73.172,71.188,300.000,300.000,300.000,300.000,300.000,300.000,300.000,300.000,300.000,300.000,300.000,300.000,300.000,300.000,300.000,300.000,300.000,300.000,300.000,300.000,300.000,300.000
300.000,300.000,300.000,300.000,300.000,300.000,300.000,300.000,300.000,300.000,300.000,300.000,300.000,300.000,300.000,300.000,300.000,300.000,300.000,300.000,300.000,300.000,300.000,300.000,300.000,300.000,300.000,300.000,300.000,300.000,300.000,300.000,300.000,300.000,300.000,300.000,300.000,300.000,300.000,300.000,300.000,300.000,5.146,17.561,37.900,60.083,69.800,63.085,300.000,300.000,300.000,300.000,300.000,300.000,300.000,300.000,300.000,300.000,300.000,300.000,300.000,300.000,300.000,300.000,300.000,300.000,300.000,300.000,300.000,300.000
300.000,300.000,300.000,300.000,300.000,300.000,300.000,300.000,300.000,300.000,300.000,300.000,300.000,300.000,300.000,300.000,300.000,300.000,300.000,300.000,300.000,300.000,300.000,300.000,300.000,300.000,300.000,300.000,300.000,300.000,300.000,300.000,300.000,300.000,300.000,300.000,300.000,300.000,300.000,300.000,300.000,300.000,5.255,17.718,37.892,59.218,67.736,56.829,300.000,300.000,300.000,300.000,300.000,300.000,300.000,300.000,300.000,300.000,300.000,300.000,300.000,300.000,300.000,300.000,300.000,300.000,300.000,300.000,300.000,300.000
300.000,300.000,300.000,300.000,300.000,300.000,300.000,300.000,300.000,300.000,300.000,300.000,300.000,300.000,300.000,300.000,300.000,300.000,300.000,300.000,300.000,300.000,300.000,300.000,300.000,300.000,300.000,300.000,300.000,300.000,300.000,300.000,300.000,300.000,300.000,300.000,300.000,300.000,300.000,300.000,300.000,300.000,3.938,17.200,37.898,58.926,66.511,51.538,300.000,300.000,300.000,300.000,300.000,300.000,300.000,300.000,300.000,300.000,300.000,300.000,300.000,300.000,300.000,300.000,300.000,300.000,300.000,300.000,300.000,300.000
300.000,300.000,300.000,300.000,300.000,300.000,300.000,300.000,300.000,300.000,300.000,300.000,300.000,300.000,300.000,300.000,300.000,300.000,300.000,300.000,300.000,300.000,300.000,300.000,300.000,300.000,300.000,300.000,300.000,300.000,300.000,300.000,300.000,300.000,300.000,300.000,300.000,300.000,300.000,300.000,300.000,300.000,1.644,16.226,37.900,58.892,65.584,46.146,300.000,300.000,300.000,300.000,300.000,300.000,300.000,300.000,300.000,300.000,300.000,300.000,300.000,300.000,300.000,300.000,300.000,300.000,300.000,300.000,300.000,300.000
300.000,300.000,300.000,300.000,300.000,300.000,300.000,300.000,300.000,300.000,300.000,300.000,300.000,300.000,300.000,300.000,300.000,300.000,300.000,300.000,300.000,300.000,300.000,300.000,300.000,300.000,300.000,300.000,300.000,300.000,300.000,300.000,300.000,300.000,300.000,300.000,300.000,300.000,300.000,300.000,300.000,300.000,1.762,14.731,37.871,59.048,64.819,40.250,300.000,300.000,300.000,300.000,300.000,300.000,300.000,300.000,300.000,300.000,300.000,300.000,300.000,300.000,300.000,300.000,300.000,300.000,300.000,300.000,300.000,300.000
300.000,300.000,300.000,300.000,300.000,300.000,300.000,300.000,300.000,300.000,300.000,300.000,300.000,300.000,300.000,300.000,300.000,300.000,300.000,300.000,300.000,300.000,300.000,300.000,300.000,300.000,300.000,300.000,300.000,300.000,300.000,300.000,300.000,300.000,300.000,300.000,300.000,300.000,300.000,300.000,300.000,300.000,300.000,11.965,37.725,59.857,64.991,35.219,300.000,300.000,300.000,300.000,300.000,300.000,300.000,300.000,300.000,300.000,300.000,300.000,300.000,300.000,300.000,300.000,300.000,300.000,300.000,300.000,300.000,300.000
300.000,300.000,300.000,300.000,300.000,300.000,300.000,300.000,300.000,300.000,300.000,300.000,300.000,300.000,300.000,300.000,300.000,300.000,300.000,300.000,300.000,300.000,300.000,300.000,300.000,300.000,300.000,300.000,300.000,300.000,300.000,300.000,300.000,300.000,300.000,300.000,300.000,300.000,300.000,300.000,300.000,300.000,300.000,8.661,37.460,60.557,64.800,28.236,300.000,300.000,300.000,300.000,300.000,300.000,300.000,300.000,300.000,300.000,300.000,300.000,300.000,300.000,300.000,300.000,300.000,300.000,300.000,300.000,300.000,300.000
300.000,300.000,300.000,300.000,300.000,300.000,300.000,300.000,300.000,300.000,300.000,300.000,300.000,300.000,300.000,300.000,300.000,300.000,300.000,300.000,300.000,300.000,300.000,300.000,300.000,300.000,300.000,300.000,300.000,300.000,300.000,300.000,300.000,300.000,300.000,300.000,300.000,300.000,300.000,300.000,300.000,300.000,300.000,5.422,37.186,60.738,63.463,16.963,300.000,300.000,300.000,300.000,300.000,300.000,300.000,300.000,300.000,300.000,300.000,300.000,300.000,300.000,300.000,300.000,300.000,300.000,300.000,300.000,300.000,300.000
300.000,300.000,300.000,300.000,300.000,300.000,300.000,300.000,300.000,300.000,300.000,300.000,300.000,300.000,300.000,300.000,300.000,300.000,300.000,300.000,300.000,300.000,300.000,300.000,300.000,300.000,300.000,300.000,300.000,300.000,300.000,300.000,300.000,300.000,300.000,300.000,300.000,300.000,300.000,300.000,300.000,300.000,300.000,2.621,37.011,60.098,60.304,2.261,300.000,300.000,300.000,300.000,300.000,300.000,300.000,300.000,300.000,300.000,300.000,300.000,300.000,300.000,300.000,300.000,300.000,300.000,300.000,300.000,300.000,300.000
300.000,300.000,300.000,300.000,300.000,300.000,300.000,300.000,300.000,300.000,300.000,300.000,300.000,300.000,300.000,300.000,300.000,300.000,300.000,300.000,300.000,300.000,300.000,300.000,300.000,300.000,300.000,300.000,300.000,300.000,300.000,300.000,300.000,300.000,300.000,300.000,300.000,300.000,300.000,300.000,300.000,300.000,300.000,1.046,37.055,58.028,54.073,41.775,300.000,300.000,300.000,300.000,300.000,300.000,300.000,300.000,300.000,300.000,300.000,300.000,300.000,300.000,300.000,300.000,300.000,300.000,300.000,300.000,300.000,300.000
300.000,300.000,300.000,300.000,300.000,300.000,300.000,300.000,300.000,300.000,300.000,300.000,300.000,300.000,300.000,300.000,300.000,300.000,300.000,300.000,300.000,300.000,300.000,300.000,300.000,300.000,300.000,300.000,300.000,300.000,300.000,300.000,300.000,300.000,300.000,300.000,300.000,300.000,300.000,300.000,300.000,300.000,300.000,2.390,37.276,52.879,41.699,300.000,300.000,300.000,300.000,300.000,300.000,300.000,300.000,300.000,300.000,300.000,300.000,300.000,300.000,300.000,300.000,300.000,300.000,300.000,300.000,300.000,300.000,300.000
300.000,300.000,300.000,300.000,300.000,300.000,300.000,300.000,300.000,300.000,300.000,300.000,300.000,300.000,300.000,300.000,300.000,300.000,300.000,300.000,300.000,300.000,300.000,300.000,300.000,300.000,300.000,300.000,300.000,300.000,300.000,300.000,300.000,300.000,300.000,300.000,300.000,300.000,300.000,300.000,300.000,300.000,300.000,7.228,36.670,41.567,17.088,300.000,300.000,300.000,300.000,300.000,300.000,300.000,300.000,300.000,300.000,300.000,300.000,300.000,300.000,300.000,300.000,300.000,300.000,300.000,300.000,300.000,300.000,300.000
300.000,300.000,300.000,300.000,300.000,300.000,300.000,300.000,300.000,300.000,300.000,300.000,300.000,300.000,300.000,300.000,300.000,300.000,300.000,300.000,300.000,300.000,300.000,300.000,300.000,300.000,300.000,300.000,300.000,300.000,300.000,300.000,300.000,300.000,300.000,300.000,300.000,300.000,300.000,300.000,300.000,300.000,300.000,13.403,32.426,18.829,38.960,300.000,300.000,300.000,300.000,300.000,300.000,300.000,300.000,300.000,300.000,300.000,300.000,300.000,300.000,300.000,300.000,300.000,300.000,300.000,300.000,300.000,300.000,300.000
300.000,300.000,300.000,300.000,300.000,300.000,300.000,300.000,300.000,300.000,300.000,300.000,300.000,300.000,300.000,300.000,300.000,300.000,300.000,300.000,300.000,300.000,300.000,300.000,300.000,300.000,300.000,300.000,300.000,300.000,300.000,300.000,300.000,300.000,300.000,300.000,300.000,300.000,300.000,300.000,300.000,300.000,2.292,16.134,21.592,25.277,300.000,300.000,300.000,300.000,300.000,300.000,300.000,300.000,300.000,300.000,300.000,300.000,300.000,300.000,300.000,300.000,300.000,300.000,300.000,300.000,300.000,300.000,300.000,300.000
300.000,300.000,300.000,300.000,300.000,300.000,300.000,300.000,300.000,300.000,300.000,300.000,300.000,300.000,300.000,300.000,300.000,300.000,300.000,300.000,300.000,300.000,300.000,300.000,300.000,300.000,300.000,300.000,300.000,300.000,300.000,300.000,300.000,300.000,300.000,300.000,300.000,300.000,300.000,300.000,300.000,300.000,4.738,13.576,2.953,300.000,300.000,300.000,300.000,300.000,300.000,300.000,300.000,300.000,300.000,300.000,300.000,300.000,300.000,300.000,300.000,300.000,300.000,300.000,300.000,300.000,300.000,300.000,300.000,300.000
300.000,300.000,300.000,300.000,300.000,300.000,300.000,300.000,300.000,300.000,300.000,300.000,300.000,300.000,300.000,300.000,300.000,300.000,300.000,300.000,300.000,300.000,300.000,300.000,300.000,300.000,300.000,300.000,300.000,300.000,300.000,300.000,300.000,300.000,300.000,300.000,300.000,300.000,300.000,300.000,300.000,300.000,6.140,6.521,27.589,300.000,300.000,300.000,300.000,300.000,300.000,300.000,300.000,300.000,300.000,300.000,300.000,300.000,300.000,300.000,300.000,300.000,300.000,300.000,300.000,300.000,300.000,300.000,300.000,300.000
300.000,300.000,300.000,300.000,300.000,300.000,300.000,300.000,300.000,300.000,300.000,300.000,300.000,300.000,300.000,300.000,300.000,300.000,300.000,300.000,300.000,300.000,300.000,300.000,300.000,300.000,300.000,300.000,300.000,300.000,300.000,300.000,300.000,300.000,300.000,300.000,300.000,300.000,300.000,300.000,300.000,0.203,3.280,8.531,300.000,300.000,300.000,300.000,300.000,300.000,300.000,300.000,300.000,300.000,300.000,300.000,300.000,300.000,300.000,300.000,300.000,300.000,300.000,300.000,300.000,300.000,300.000,300.000,300.000,300.000
300.000,300.000,300.000,300.000,300.000,300.000,300.000,300.000,300.000,300.000,300.000,300.000,300.000,300.000,300.000,300.000,300.000,300.000,300.000,300.000,300.000,300.000,300.000,300.000,300.000,300.000,300.000,300.000,300.000,300.000,300.000,300.000,300.000,300.000,300.000,300.000,300.000,300.000,300.000,300.000,300.000,0.687,300.000,300.000,300.000,300.000,300.000,300.000,300.000,300.000,300.000,300.000,300.000,300.000,300.000,300.000,300.000,300.000,300.000,300.000,300.000,300.000,300.000,300.000,300.000,300.000,300.000,300.000,300.000,300.000
300.000,300.000,300.000,300.000,300.000,300.000,300.000,300.000,300.000,300.000,300.000,300.000,300.000,300.000,300.000,300.000,300.000,300.000,300.000,300.000,300.000,300.000,300.000,300.000,300.000,300.000,300.000,300.000,300.000,300.000,300.000,300.000,300.000,300.000,300.000,300.000,300.000,300.000,300.000,300.000,300.000,300.000,300.000,300.000,300.000,300.000,300.000,300.000,300.000,300.000,300.000,300.000,300.000,300.000,300.000,300.000,300.000,300.000,300.000,300.000,300.000,300.000,300.000,300.000,300.000,300.000,300.000,300.000,300.000,300.000
300.000,300.000,300.000,300.000,300.000,300.000,300.000,300.000,300.000,300.000,300.000,300.000,300.000,300.000,300.000,300.000,300.000,300.000,300.000,300.000,300.000,300.000,300.000,300.000,300.000,300.000,300.000,300.000,300.000,300.000,300.000,300.000,300.000,300.000,300.000,300.000,300.000,300.000,300.000,300.000,300.000,300.000,300.000,300.000,300.000,300.000,300.000,300.000,300.000,300.000,300.000,300.000,300.000,300.000,300.000,300.000,300.000,300.000,300.000,300.000,300.000,300.000,300.000,300.000,300.000,300.000,300.000,300.000,300.000,300.000
300.000,300.000,300.000,300.000,300.000,300.000,300.000,300.000,300.000,300.000,300.000,300.000,300.000,300.000,300.000,300.000,300.000,300.000,300.000,300.000,300.000,300.000,300.000,300.000,300.000,300.000,300.000,300.000,300.000,300.000,300.000,300.000,300.000,300.000,300.000,300.000,300.000,300.000,300.000,300.000,300.000,300.000,300.000,300.000,300.000,300.000,300.000,300.000,300.000,300.000,300.000,300.000,300.000,300.000,300.000,300.000,300.000,300.000,300.000,300.000,300.000,300.000,300.000,300.000,300.000,300.000,300.000,300.000,300.000,300.000
300.000,300.000,300.000,300.000,300.000,300.000,300.000,300.000,300.000,300.000,300.000,300.000,300.000,300.000,300.000,300.000,300.000,300.000,300.000,300.000,300.000,300.000,300.000,300.000,300.000,300.000,300.000,300.000,300.000,300.000,300.000,300.000,300.000,300.000,300.000,300.000,300.000,300.000,300.000,300.000,300.000,300.000,300.000,300.000,300.000,300.000,300.000,300.000,300.000,300.000,300.000,300.000,300.000,300.000,300.000,300.000,300.000,300.000,300.000,300.000,300.000,300.000,300.000,300.000,300.000,300.000,300.000,300.000,300.000,300.000
300.000,300.000,300.000,300.000,300.000,300.000,300.000,300.000,300.000,300.000,300.000,300.000,300.000,300.000,300.000,300.000,300.000,300.000,300.000,300.000,300.000,300.000,300.000,300.000,300.000,300.000,300.000,300.000,300.000,300.000,300.000,300.000,300.000,300.000,300.000,300.000,300.000,300.000,300.000,300.000,300.000,300.000,300.000,300.000,300.000,300.000,300.000,300.000,300.000,300.000,300.000,300.000,300.000,300.000,300.000,300.000,300.000,300.000,300.000,300.000,300.000,300.000,300.000,300.000,300.000,300.000,300.000,300.000,300.000,300.000
300.000,300.000,300.000,300.000,300.000,300.000,300.000,300.000,300.000,300.000,300.000,300.000,300.000,300.000,300.000,300.000,300.000,300.000,300.000,300.000,300.000,300.000,300.000,300.000,300.000,300.000,300.000,300.000,300.000,300.000,300.000,300.000,300.000,300.000,300.000,300.000,300.000,300.000,300.000,300.000,300.000,300.000,300.000,300.000,300.000,300.000,300.000,300.000,300.000,300.000,300.000,300.000,300.000,300.000,300.000,300.000,300.000,300.000,300.000,300.000,300.000,300.000,300.000,300.000,300.000,300.000,300.000,300.000,300.000,300.000
300.000,300.000,300.000,300.000,300.000,300.000,300.000,300.000,300.000,300.000,300.000,300.000,300.000,300.000,300.000,300.000,300.000,300.000,300.000,300.000,300.000,300.000,300.000,300.000,300.000,300.000,300.000,300.000,300.000,300.000,300.000,300.000,300.000,300.000,300.000,300.000,300.000,300.000,300.000,300.000,300.000,300.000,300.000,300.000,300.000,300.000,300.000,300.000,300.000,300.000,300.000,300.000,300.000,300.000,300.000,300.000,300.000,300.000,300.000,300.000,300.000,300.000,300.000,300.000,300.000,300.000,300.000,300.000,300.000,300.000
300.000,300.000,300.000,300.000,300.000,300.000,300.000,300.000,300.000,300.000,300.000,300.000,300.000,300.000,300.000,300.000,300.000,300.000,300.000,300.000,300.000,300.000,300.000,300.000,300.000,300.000,300.000,300.000,300.000,300.000,300.000,300.000,300.000,300.000,300.000,300.000,300.000,300.000,300.000,300.000,300.000,300.000,300.000,300.000,300.000,300.000,300.000,300.000,300.000,300.000,300.000,300.000,300.000,300.000,300.000,300.000,300.000,300.000,300.000,300.000,300.000,300.000,300.000,300.000,300.000,300.000,300.000,300.000,300.000,300.000
300.000,300.000,300.000,300.000,300.000,300.000,300.000,300.000,300.000,300.000,300.000,300.000,300.000,300.000,300.000,300.000,300.000,300.000,300.000,300.000,300.000,300.000,300.000,300.000,300.000,300.000,300.000,300.000,300.000,300.000,300.000,300.000,300.000,300.000,300.000,300.000,300.000,300.000,300.000,300.000,300.000,300.000,300.000,300.000,300.000,300.000,300.000,300.000,300.000,300.000,300.000,300.000,300.000,300.000,300.000,300.000,300.000,300.000,300.000,300.000,300.000,300.000,300.000,300.000,300.000,300.000,300.000,300.000,300.000,300.000
300.000,300.000,300.000,300.000,300.000,300.000,300.000,300.000,300.000,300.000,300.000,300.000,300.000,300.000,300.000,300.000,300.000,300.000,300.000,300.000,300.000,300.000,300.000,300.000,300.000,300.000,300.000,300.000,300.000,300.000,300.000,300.000,300.000,300.000,300.000,300.000,300.000,300.000,300.000,300.000,300.000,300.000,300.000,300.000,300.000,300.000,300.000,300.000,300.000,300.000,300.000,300.000,300.000,300.000,300.000,300.000,300.000,300.000,300.000,300.000,300.000,300.000,300.000,300.000,300.000,300.000,300.000,300.000,300.000,300.000
300.000,300.000,300.000,300.000,300.000,300.000,300.000,300.000,300.000,300.000,300.000,300.000,300.000,300.000,300.000,300.000,300.000,300.000,300.000,300.000,300.000,300.000,300.000,300.000,300.000,300.000,300.000,300.000,300.000,300.000,300.000,300.000,300.000,300.000,300.000,300.000,300.000,300.000,300.000,300.000,300.000,300.000,300.000,300.000,300.000,300.000,300.000,300.000,300.000,300.000,300.000,300.000,300.000,300.000,300.000,300.000,300.000,300.000,300.000,300.000,300.000,300.000,300.000,300.000,300.000,300.000,300.000,300.000,300.000,300.000
300.000,300.000,300.000,300.000,300.000,300.000,300.000,300.000,300.000,300.000,300.000,300.000,300.000,300.000,300.000,300.000,300.000,300.000,300.000,300.000,300.000,300.000,300.000,300.000,300.000,300.000,300.000,300.000,300.000,300.000,300.000,300.000,300.000,300.000,300.000,300.000,300.000,300.000,300.000,300.000,300.000,300.000,300.000,300.000,300.000,300.000,300.000,300.000,300.000,300.000,300.000,300.000,300.000,300.000,300.000,300.000,300.000,300.000,300.000,300.000,300.000,300.000,300.000,300.000,300.000,300.000,300.000,300.000,300.000,300.000
300.000,300.000,300.000,300.000,300.000,300.000,300.000,300.000,300.000,300.000,300.000,300.000,300.000,300.000,300.000,300.000,300.000,300.000,300.000,300.000,300.000,300.000,300.000,300.000,300.000,300.000,300.000,300.000,300.000,300.000,300.000,300.000,300.000,300.000,300.000,300.000,300.000,300.000,300.000,300.000,300.000,300.000,300.000,300.000,300.000,300.000,300.000,300.000,300.000,300.000,300.000,300.000,300.000,300.000,300.000,300.000,300.000,300.000,300.000,300.000,300.000,300.000,300.000,300.000,300.000,300.000,300.000,300.000,300.000,300.000
300.000,300.000,300.000,300.000,300.000,300.000,300.000,300.000,300.000,300.000,300.000,300.000,300.000,300.000,300.000,300.000,300.000,300.000,300.000,300.000,300.000,300.000,300.000,300.000,300.000,300.000,300.000,300.000,300.000,300.000,300.000,300.000,300.000,300.000,300.000,300.000,300.000,300.000,300.000,300.000,300.000,300.000,300.000,300.000,300.000,300.000,300.000,300.000,300.000,300.000,300.000,300.000,300.000,300.000,300.000,300.000,300.000,300.000,300.000,300.000,300.000,300.000,300.000,300.000,300.000,300.000,300.000,300.000,300.000,300.000
300.000,300.000,300.000,300.000,300.000,300.000,300.000,300.000,300.000,300.000,300.000,300.000,300.000,300.000,300.000,300.000,300.000,300.000,300.000,300.000,300.000,300.000,300.000,300.000,300.000,300.000,300.000,300.000,300.000,300.000,300.000,300.000,300.000,300.000,300.000,300.000,300.000,300.000,300.000,300.000,300.000,300.000,300.000,300.000,300.000,300.000,300.000,300.000,300.000,300.000,300.000,300.000,300.000,300.000,300.000,300.000,300.000,300.000,300.000,300.000,300.000,300.000,300.000,300.000,300.000,300.000,300.000,300.000,300.000,300.000
300.000,300.000,300.000,300.000,300.000,300.000,300.000,300.000,300.000,300.000,300.000,300.000,300.000,300.000,300.000,300.000,300.000,300.000,300.000,300.000,300.000,300.000,300.000,300.000,300.000,300.000,300.000,300.000,300.000,300.000,300.000,300.000,300.000,300.000,300.000,300.000,300.000,300.000,300.000,300.000,300.000,300.000,300.000,300.000,300.000,300.000,300.000,300.000,300.000,300.000,300.000,300.000,300.000,300.000,300.000,300.000,300.000,300.000,300.000,300.000,300.000,300.000,300.000,300.000,300.000,300.000,300.000,300.000,300.000,300.000
300.000,300.000,300.000,300.000,300.000,300.000,300.000,300.000,300.000,300.000,300.000,300.000,300.000,300.000,300.000,300.000,300.000,300.000,300.000,300.000,300.000,300.000,300.000,300.000,300.000,300.000,300.000,300.000,300.000,300.000,300.000,300.000,300.000,300.000,300.000,300.000,300.000,300.000,300.000,300.000,300.000,300.000,300.000,300.000,300.000,300.000,300.000,300.000,300.000,300.000,300.000,300.000,300.000,300.000,300.000,300.000,300.000,300.000,300.000,300.000,300.000,300.000,300.000,300.000,300.000,300.000,300.000,300.000,300.000,300.000
300.000,300.000,300.000,300.000,300.000,300.000,300.000,300.000,300.000,300.000,300.000,300.000,300.000,300.000,300.000,300.000,300.000,300.000,300.000,300.000,300.000,300.000,300.000,300.000,300.000,300.000,300.000,300.000,300.000,300.000,300.000,300.000,300.000,300.000,300.000,300.000,300.000,300.000,300.000,300.000,300.000,300.000,300.000,300.000,300.000,300.000,300.000,300.000,300.000,300.000,300.000,300.000,300.000,300.000,300.000,300.000,300.000,300.000,300.000,300.000,300.000,300.000,300.000,300.000,300.000,300.000,300.000,300.000,300.000,300.000
300.000,300.000,300.000,300.000,300.000,300.000,300.000,300.000,300.000,300.000,300.000,300.000,300.000,300.000,300.000,300.000,300.000,300.000,300.000,300.000,300.000,300.000,300.000,300.000,300.000,300.000,300.000,300.000,300.000,300.000,300.000,300.000,300.000,300.000,300.000,300.000,300.000,300.000,300.000,300.000,300.000,300.000,300.000,300.000,300.000,300.000,300.000,300.000,300.000,300.000,300.000,300.000,300.000,300.000,300.000,300.000,300.000,300.000,300.000,300.000,300.000,300.000,300.000,300.000,300.000,300.000,300.000,300.000,300.000,300.000
300.000,300.000,300.000,300.000,300.000,300.000,300.000,300.000,300.000,300.000,300.000,300.000,300.000,300.000,300.000,300.000,300.000,300.000,300.000,300.000,300.000,300.000,300.000,300.000,300.000,300.000,300.000,300.000,300.000,300.000,300.000,300.000,300.000,300.000,300.000,300.000,300.000,300.000,300.000,300.000,300.000,300.000,300.000,300.000,300.000,300.000,300.000,300.000,300.000,300.000,300.000,300.000,300.000,300.000,300.000,300.000,300.000,300.000,300.000,300.000,300.000,300.000,300.000,300.000,300.000,300.000,300.000,300.000,300.000,300.000
300.000,300.000,300.000,300.000,300.000,300.000,300.000,300.000,300.000,300.000,300.000,300.000,300.000,300.000,300.000,300.000,300.000,300.000,300.000,300.000,300.000,300.000,300.000,300.000,300.000,300.000,300.000,300.000,300.000,300.000,300.000,300.000,300.000,300.000,300.000,300.000,300.000,300.000,300.000,300.000,300.000,300.000,300.000,300.000,300.000,300.000,300.000,300.000,300.000,300.000,300.000,300.000,300.000,300.000,300.000,300.000,300.000,300.000,300.000,300.000,300.000,300.000,300.000,300.000,300.000,300.000,300.000,300.000,300.000,300.000
300.000,300.000,300.000,300.000,300.000,300.000,300.000,300.000,300.000,300.000,300.000,300.000,300.000,300.000,300.000,300.000,300.000,300.000,300.000,300.000,300.000,300.000,300.000,300.000,300.000,300.000,300.000,300.000,300.000,300.000,300.000,300.000,300.000,300.000,300.000,300.000,300.000,300.000,300.000,300.000,300.000,300.000,300.000,300.000,300.000,300.000,300.000,300.000,300.000,300.000,300.000,300.000,300.000,300.000,300.000,300.000,300.000,300.000,300.000,300.000,300.000,300.000,300.000,300.000,300.000,300.000,300.000,300.000,300.000,300.000
300.000,300.000,300.000,300.000,300.000,300.000,300.000,300.000,300.000,300.000,300.000,300.000,300.000,300.000,300.000,300.000,300.000,300.000,300.000,300.000,300.000,300.000,300.000,300.000,300.000,300.000,300.000,300.000,300.000,300.000,300.000,300.000,300.000,300.000,300.000,300.000,300.000,300.000,300.000,300.000,300.000,300.000,300.000,300.000,300.000,300.000,300.000,300.000,300.000,300.000,300.000,300.000,300.000,300.000,300.000,300.000,300.000,300.000,300.000,300.000,300.000,300.000,300.000,300.000,300.000,300.000,300.000,300.000,300.000,300.000
300.000,300.000,300.000,300.000,300.000,300.000,300.000,300.000,300.000,300.000,300.000,300.000,300.000,300.000,300.000,300.000,300.000,300.000,300.000,300.000,300.000,300.000,300.000,300.000,300.000,300.000,300.000,300.000,300.000,300.000,300.000,300.000,300.000,300.000,300.000,300.000,300.000,300.000,300.000,300.000,300.000,300.000,300.000,300.000,300.000,300.000,300.000,300.000,300.000,300.000,300.000,300.000,300.000,300.000,300.000,300.000,300.000,300.000,300.000,300.000,300.000,300.000,300.000,300.000,300.000,300.000,300.000,300.000,300.000,300.000
300.000,300.000,300.000,300.000,300.000,300.000,300.000,300.000,300.000,300.000,300.000,300.000,300.000,300.000,300.000,300.000,300.000,300.000,300.000,300.000,300.000,300.000,300.000,300.000,300.000,300.000,300.000,300.000,300.000,300.000,300.000,300.000,300.000,300.000,300.000,300.000,300.000,300.000,300.000,300.000,300.000,300.000,300.000,300.000,300.000,300.000,300.000,300.000,300.000,300.000,300.000,300.000,300.000,300.000,300.000,300.000,300.000,300.000,300.000,300.000,300.000,300.000,300.000,300.000,300.000,300.000,300.000,300.000,300.000,300.000
300.000,300.000,300.000,300.000,300.000,300.000,300.000,300.000,300.000,300.000,300.000,300.000,300.000,300.000,300.000,300.000,300.000,300.000,300.000,300.000,300.000,300.000,300.000,300.000,300.000,300.000,300.000,300.000,300.000,300.000,300.000,300.000,300.000,300.000,300.000,300.000,300.000,300.000,300.000,300.000,300.000,300.000,300.000,300.000,300.000,300.000,300.000,300.000,300.000,300.000,300.000,300.000,300.000,300.000,300.000,300.000,300.000,300.000,300.000,300.000,300.000,300.000,300.000,300.000,300.000,300.000,300.000,300.000,300.000,300.000
300.000,300.000,300.000,300.000,300.000,300.000,300.000,300.000,300.000,300.000,300.000,300.000,300.000,300.000,300.000,300.000,300.000,300.000,300.000,300.000,300.000,300.000,300.000,300.000,300.000,300.000,300.000,300.000,300.000,300.000,300.000,300.000,300.000,300.000,300.000,300.000,300.000,300.000,300.000,300.000,300.000,300.000,300.000,300.000,300.000,300.000,300.000,300.000,300.000,300.000,300.000,300.000,300.000,300.000,300.000,300.000,300.000,300.000,300.000,300.000,300.000,300.000,300.000,300.000,300.000,300.000,300.000,300.000,300.000,300.000
300.000,300.000,300.000,300.000,300.000,300.000,300.000,300.000,300.000,300.000,300.000,300.000,300.000,300.000,300.000,300.000,300.000,300.000,300.000,300.000,300.000,300.000,300.000,300.000,300.000,300.000,300.000,300.000,300.000,300.000,300.000,300.000,300.000,300.000,300.000,300.000,300.000,300.000,300.000,300.000,300.000,300.000,300.000,300.000,300.000,300.000,300.000,300.000,300.000,300.000,300.000,300.000,300.000,300.000,300.000,300.000,300.000,300.000,300.000,300.000,300.000,300.000,300.000,300.000,300.000,300.000,300.000,300.000,300.000,300.000
300.000,300.000,300.000,300.000,300.000,300.000,300.000,300.000,300.000,300.000,300.000,300.000,300.000,300.000,300.000,300.000,300.000,300.000,300.000,300.000,300.000,300.000,300.000,300.000,300.000,300.000,300.000,300.000,300.000,300.000,300.000,300.000,300.000,300.000,300.000,300.000,300.000,300.000,300.000,300.000,300.000,300.000,300.000,300.000,300.000,300.000,300.000,300.000,300.000,300.000,300.000,300.000,300.000,300.000,300.000,300.000,300.000,300.000,300.000,300.000,300.000,300.000,300.000,300.000,300.000,300.000,300.000,300.000,300.000,300.000
